"neither_C1","permhc_C1","dist5_C1","dist15_C1","avail_C1","somepriv_C1","notpriv_C1","device_C1","voucher_C1","cash_C1","pricenone_C1","pricevoucher_C1","pricecash_C1","neither_C2","permhc_C2","dist5_C2","dist15_C2","avail_C2","somepriv_C2","notpriv_C2","device_C2","voucher_C2","cash_C2","pricenone_C2","pricevoucher_C2","pricecash_C2","neither_C3","permhc_C3","dist5_C3","dist15_C3","avail_C3","somepriv_C3","notpriv_C3","device_C3","voucher_C3","cash_C3","pricenone_C3","pricevoucher_C3","pricecash_C3","int_C2","int_C3","age_C2","age_C3","educ_C2","educ_C3","ispoor_C2","ispoor_C3","urban_C2","urban_C3","logLike"
-1.5065,0.8156,-0.172,-0.27,0.046,-0.1134,-0.1133,-0.6498,0.1291,0.3303,0.0374,-0.1235,-0.1448,-1.4168,0.8867,-0.2626,-0.1907,0.1118,-0.0033,-0.0678,-0.4538,0.1988,0.3696,0.0231,-0.0198,0.0415,-1.5686,0.8969,-0.1651,-0.2391,0.0313,-0.008,-0.056,-0.5629,0.2207,0.3782,-0.0796,0.0364,0.068,-0.0198,-0.0682,0.0805,-0.0831,-0.0076,0.0019,0.0294,0.0616,0.0413,0.0562,-3600.59192949972
-1.5065,0.8156,-0.172,-0.27,0.046,-0.1134,-0.1133,-0.6498,0.1291,0.3303,0.0374,-0.1235,-0.1448,-1.4168,0.8867,-0.2626,-0.1907,0.1118,-0.0033,-0.0678,-0.4538,0.1988,0.3696,0.0231,-0.0198,0.0415,-1.5686,0.8969,-0.1651,-0.2391,0.0313,-0.008,-0.056,-0.5629,0.2207,0.3782,-0.0796,0.0364,0.068,-0.0198,-0.0682,0.0805,-0.0831,-0.0076,0.0019,0.0294,0.0616,0.0413,0.0562,-3600.59192949972
-1.50743349767849,0.815340335246315,-0.172486009259475,-0.268975886119297,0.0444469891351182,-0.113203765706019,-0.11399753167918,-0.656689261712786,0.13160951750786,0.332217401095852,0.0233605629462749,-0.148904020329006,-0.162898694825312,-1.41831360069867,0.886247168903519,-0.260328985938011,-0.192621259681694,0.124917409660481,-0.00211979057681747,-0.0681154040314257,-0.445809556328412,0.194006860417966,0.372469173593353,0.0381328122836072,0.0231406309558544,0.0251448350688443,-1.56602049956694,0.89562348975623,-0.166571092109568,-0.239749672554573,0.0266582036832813,-0.0087393870910164,-0.0579658703822643,-0.561532065573474,0.217302015802637,0.379824486874789,-0.0865955477956682,0.0626824674136937,0.0543450157863554,-0.0216037146655843,-0.0698619485977571,0.079817389971111,-0.0835283444432076,-0.0078500431437511,0.00119941617301665,0.0277214264793787,0.0599959388628136,0.0402338272134773,0.0552779079962522,-3548.53557802427
-1.50798716203422,0.81376687883996,-0.172223345342757,-0.269425576439646,0.0404160901729584,-0.112494407165128,-0.115068406635743,-0.669044484541229,0.135058442852313,0.331936718854332,0.0154803046446511,-0.182559670479023,-0.160774226118267,-1.42121210978608,0.887127329233654,-0.257695949304446,-0.19326196695972,0.14031295084525,0.000314370755388976,-0.0696913195016157,-0.431310236133698,0.192472344061313,0.373041071028438,0.0510483444922183,0.0380554001280215,0.0319424149101443,-1.56250097873817,0.895100063359611,-0.168703760143472,-0.239444238524441,0.0184219906766888,-0.00980860937315892,-0.0610622639287594,-0.563053274276646,0.217603398738321,0.379125028273786,-0.106171851105854,0.0537304550755351,0.0567271804376272,-0.0236569990539586,-0.0723970895406931,0.0789883478512129,-0.0841477211344107,-0.00770387071399124,3.3661362727234e-05,0.0256683926660488,0.057577627418801,0.0390686268616839,0.053969574768588,-3525.16078623597
-1.51053106066037,0.794102385633807,-0.163883704291714,-0.284995277925519,0.0329571755187655,-0.10338734045417,-0.1251020144283,-0.750394677025585,0.133163533201567,0.340857064865295,0.0230235003128122,-0.199781792776499,-0.220177605550203,-1.44337632332736,0.899143619141925,-0.244317066547394,-0.188958633504864,0.216842043171542,0.0202335535427716,-0.0843175325461839,-0.311867508603268,0.18656252677026,0.379630545755899,0.0960668768324425,0.0920493817785197,0.0506836530460496,-1.53806884006311,0.894417118427246,-0.181627849904783,-0.237560255069613,-0.0306042341541693,-0.0212289738953493,-0.0808650450017261,-0.59152670192032,0.218690554911492,0.380081283203736,-0.251658125178554,-0.0115424533025635,0.00631726954775567,-0.0376447895895957,-0.0872910223632721,0.0729894787658403,-0.0871386643039033,-0.00510612422385003,-0.00765067553380487,0.0111102669373818,0.0434557135853805,0.0311447837969303,0.0470911802125645,-3523.31699324051
-1.51562063338711,0.77709367477689,-0.152885432636685,-0.300621782716073,0.0430301551340497,-0.0937161249838159,-0.132687905266567,-0.824017253484134,0.13462974156103,0.344076225259529,0.0490285419762301,-0.231298138744921,-0.22855630194259,-1.46059711179963,0.914818425677701,-0.235911374626195,-0.180452418185462,0.237839101865344,0.0391643739234749,-0.100922503672665,-0.206997788340353,0.18812863521459,0.384260633143777,0.0836597282078666,0.0709985462263539,0.0582895659510209,-1.51310436452277,0.889929127351322,-0.190342546857766,-0.243906243686456,-0.0577257187616109,-0.033657741249543,-0.0974278365269676,-0.622279915834653,0.208159196572507,0.378749035659799,-0.320743833767096,0.0379730280869734,-0.00848155205612094,-0.0511457206318728,-0.0984463638764272,0.0668884562143289,-0.0888404667913206,-0.00267952670825446,-0.0141024165160933,-0.00301621209630406,0.0328454856540571,0.0234091873278277,0.0423200863653864,-3484.4194303068
-1.53318703246178,0.72419913366336,-0.114366312403648,-0.352170661077813,0.0958569346179351,-0.0632322659086454,-0.153298237383198,-1.04765166094218,0.139040866553666,0.348607955075281,0.145224372363393,-0.314271749036095,-0.203782073272431,-1.50639444890004,0.960840806954439,-0.208854715723224,-0.161675065830098,0.238270283964292,0.0922965665276108,-0.153469173316627,0.0846008240668563,0.182615336000031,0.41154237327556,0.00270405922347237,0.0747040571365951,-0.0586198853227487,-1.44713523889588,0.891383816039907,-0.216551741872046,-0.250390434768185,-0.114594774896265,-0.0700162547248996,-0.145787991156208,-0.689688658553786,0.187625134800306,0.368157350599233,-0.494791373603436,0.0960851313672444,0.0117000098656778,-0.086655623167759,-0.139784382098706,0.049810095831691,-0.0956488914057079,0.00790153125514362,-0.0376207057403806,-0.0407757600069681,-0.00617736553042653,0.00420780017192006,0.0224395038911512,-3465.14445991795
-1.54619475306012,0.691505752861624,-0.0895450921030997,-0.383769827997877,0.160031339951798,-0.0477408233898364,-0.161862646450933,-1.18413928987932,0.139198356782086,0.352582013569118,0.187965414408401,-0.330740828803533,-0.203334518312877,-1.5249530780586,0.985595361840216,-0.18965693661959,-0.160259972263024,0.18703468919346,0.113490561249443,-0.180100838703515,0.235841203478819,0.17568925142632,0.416805728597321,0.0116545091629798,0.114747579402826,-0.0463697750271258,-1.4195921767302,0.903132771997959,-0.2287062437617,-0.24643494452161,-0.10980358767813,-0.0892844882221628,-0.170929082785937,-0.703729849251617,0.177084104623332,0.360907311731086,-0.535471849415992,0.121380209695243,0.0481459754352032,-0.103463610534657,-0.172997800509826,0.04121150137744,-0.102243665902099,0.0161369963162554,-0.0557720731647688,-0.0589918832410478,-0.0372249540646916,-0.00329214176993771,0.00413335850385639,-3440.93058979006
-1.56126182836155,0.663999455807317,-0.0681474809438515,-0.407912242382809,0.199059977934311,-0.0355951897390078,-0.16964694158293,-1.32641964863515,0.143142890145864,0.361895523584765,0.184732147064205,-0.379854885039279,-0.261947900627831,-1.54131444477792,1.00982932821766,-0.166366777094006,-0.163961080940933,0.129453464280616,0.132523413996197,-0.206700632938513,0.373733619041534,0.172817131738906,0.422775091031094,-0.00688152537312622,0.106114369024977,-0.0494133905133634,-1.40375152613213,0.928680529069902,-0.236522982195037,-0.23390403311737,-0.058722589546811,-0.105901860279565,-0.194260956770438,-0.697756594516423,0.168836291940887,0.358171166886596,-0.546281591212554,0.115115523164169,0.0483150984640832,-0.122456131591879,-0.214076842726072,0.0318641971395067,-0.110819099358817,0.0247377111960314,-0.0776883243551375,-0.0789334883947925,-0.0756648744119182,-0.0115866020071153,-0.0192208779737415,-3412.70557429662
-1.57414497758541,0.641451455267917,-0.0472544404539703,-0.429777395811633,0.21582172778651,-0.0308548232327165,-0.175745665419171,-1.43659984135405,0.145679431825671,0.363317253583179,0.213718882961968,-0.408736137831389,-0.252125854297634,-1.55202709292706,1.02036814203324,-0.140304245176738,-0.17877429907616,0.129277723839782,0.143327492077399,-0.225867236673561,0.457632780737195,0.168228538096484,0.428018196255339,-0.00789944411996648,0.104564447763657,-0.0522285801997565,-1.39742034349133,0.95942123676236,-0.239139567254999,-0.218946103486972,-0.00116226121191593,-0.120213969194601,-0.211140515869558,-0.684567832488343,0.161259607587032,0.361138093679318,-0.52518894673226,0.108042696822637,-0.00239674289708054,-0.136892938387238,-0.247425749854356,0.0248467160018787,-0.117404299223369,0.0328715698552343,-0.0958090508375729,-0.0936824859000587,-0.107233490848025,-0.0172442583340344,-0.038033829898393,-3397.30252209546
-1.62614868974416,0.567847187517612,0.025701749716254,-0.496985807102795,0.126903684485014,-0.0305615011598355,-0.207522303902387,-1.82304366835428,0.141418203428493,0.378064993140148,0.370579046578709,-0.451827753537357,-0.341704059402541,-1.57965168301214,1.02491821953223,-0.0247155711205958,-0.269615844671118,0.283300424861326,0.180726644477106,-0.298573689254103,0.68639205491937,0.142812737961041,0.446555840816636,-0.0140232545225471,0.0968317487218202,-0.0679669539817404,-1.34697274308065,1.08641005844514,-0.252289917600376,-0.167604409038663,0.0906099740677531,-0.205708615077116,-0.285093921967917,-0.654043161378229,0.131689262114937,0.346213014428676,-0.316015398927192,0.0911295062570321,0.0390935597937231,-0.208213285135535,-0.336825142953833,-0.00880856053023243,-0.127218846479063,0.0614297054463667,-0.150243713776396,-0.161780730403521,-0.196953094673498,-0.0492689294567033,-0.0830033354375211,-3341.56696897841
-1.64603763664697,0.538178344693061,0.0514997424041528,-0.519493811430911,0.100714662898664,-0.0322305271518276,-0.214203894423589,-1.96279530339395,0.143449353606394,0.385406784008522,0.412071082344806,-0.471543853033412,-0.366253944288058,-1.59008270499275,1.02176491562337,0.0156444345872265,-0.30361841468777,0.308388646470027,0.189917429936527,-0.320729646785591,0.778563511959233,0.134270498990564,0.453372122910474,-0.00640163994862784,0.0862311190823381,-0.0775628023292543,-1.32325263670939,1.15229260903079,-0.255084487268773,-0.14355492379525,0.054364488520984,-0.244194606650712,-0.315655574012976,-0.631135774452009,0.120031609988495,0.34058057096743,-0.211914062866326,0.0723411466055996,0.0232161985208538,-0.245045076401886,-0.350392512512885,-0.0240410162562977,-0.124988204606859,0.069505335744609,-0.161953332728313,-0.195794648224846,-0.214346548939269,-0.0684102340305187,-0.0840988485795083,-3319.27706806089
-1.67822998045354,0.48613708494072,0.0817679226554225,-0.541369175376968,0.127422543040708,-0.040332534123893,-0.208269443713457,-2.12383727663507,0.154656400807339,0.403739970890286,0.418671066117782,-0.476381081358278,-0.38147926230959,-1.59807107167469,0.964647241466757,0.056151808604732,-0.366506386991113,0.369082006816308,0.180733584558789,-0.321711916142444,0.883184444542247,0.12127324589498,0.462257163548567,-0.0021143463285847,0.0712199005238501,-0.0928326427298659,-1.26530904475396,1.25501555284525,-0.244926525004852,-0.13730936141771,0.0998002221176125,-0.29206895230244,-0.365541400978358,-0.58892723003401,0.103537381955777,0.335826416607664,-0.137502492480297,0.0561628003499552,0.0328340911113316,-0.336517112231066,-0.272517006423026,-0.0560147576898858,-0.0911269213027113,0.0685765801665762,-0.133061596732883,-0.275212804044877,-0.159486462215521,-0.127266423030147,-0.0076199696270184,-3300.27254645222
-1.72421143237131,0.438804396636421,0.126972997365988,-0.561409055451392,0.0534071825204605,-0.073527174872101,-0.201203522070307,-2.31815822457526,0.165710946887165,0.417133275993828,0.456600783403649,-0.48073548743573,-0.390860713508503,-1.57441449508954,0.87474717577704,0.111550512506344,-0.477003879364112,0.339577160657679,0.149624109774906,-0.328586446229714,0.907196046844363,0.0971856279432038,0.462168210214102,-0.0365411392128994,0.0807911900852429,-0.0734839036951409,-1.18573930664792,1.36751743186783,-0.250250570176254,-0.12639568416386,0.132399353544634,-0.341910486889577,-0.422308261949444,-0.504709614374521,0.0827630832825139,0.342380903862809,-0.154726407873428,0.0681061031600992,0.0293704297021034,-0.424666968179859,-0.203660987742383,-0.0883562273768196,-0.053879820222445,0.0796099025003712,-0.107288572840156,-0.349339423024831,-0.117248394073511,-0.183768968129941,0.0710842110306036,-3282.8439960708
-1.75624719192781,0.426981833147599,0.146234536849562,-0.556156427219487,0.0684298299799262,-0.0835429468620387,-0.201303803018613,-2.37950651535391,0.177246294907842,0.425928836584701,0.469469474551,-0.494024591551454,-0.40305566532069,-1.54755298608696,0.827776727556056,0.123831778105684,-0.520660649824319,0.335549037700245,0.124466265420553,-0.326350659934883,0.893782598382268,0.0822049227926123,0.459144322412293,-0.0753225403951763,0.0948297532279496,-0.0560900277616312,-1.13813635843465,1.38373742190836,-0.24513767592887,-0.154607627174904,0.130683977391498,-0.354679239224137,-0.429438678031304,-0.542125043035702,0.0727941323076511,0.347762916568484,-0.143244784670869,0.0538612373537762,0.0139050690681215,-0.442243685663229,-0.195888493290292,-0.096716672043172,-0.0423915700057406,0.0967505433690472,-0.104214559909298,-0.363156462581818,-0.119202989180882,-0.196694134244473,0.0966255919082951,-3276.12550011516
-1.94850350224137,0.396264788424146,0.254440646876567,-0.478851143635103,-0.039644893167255,-0.143175987699142,-0.216221249979829,-2.57272041620656,0.259523111566083,0.489484188222582,0.548843556099423,-0.532204624519568,-0.428995889338629,-1.40384950317525,0.602198559520396,0.0546360121416367,-0.559932254267,0.277000381255033,-0.107367527772351,-0.187615449087893,1.02407654306585,0.016526378313137,0.46646263404449,-0.0998214314295462,0.123847512567425,-0.0405836966710065,-0.888178514437733,1.50035981088962,-0.263516498106579,-0.26208959682121,0.183861757273811,-0.25800968036523,-0.383843481598807,-0.710086916205195,0.0649156852554867,0.407057050397255,-0.0679534564794496,0.00717319398794258,-0.0236560385921702,-0.433492698669437,-0.163647076248603,-0.0977454643580356,0.0152287805663724,0.243382232800558,-0.0846959616861507,-0.349233457083831,-0.136598540462593,-0.218217654195815,0.263862251988586,-3268.30375814473
-2.03629196757052,0.374650467588374,0.294112077277519,-0.440308754235244,-0.0297372933428952,-0.15418746112785,-0.235050913263537,-2.64152446226549,0.292968281056756,0.518850073339666,0.562183387730549,-0.53800484919463,-0.438693637430821,-1.33469149460778,0.514683854832713,0.0254548831761923,-0.564006236786595,0.295631831967985,-0.196807659162087,-0.137849657152767,1.06355585892426,-0.00971749840874436,0.475047183256737,-0.145271290367986,0.13136828200432,-0.023525875612706,-0.799051605539499,1.57073682170754,-0.301798295348648,-0.266162256084791,0.178185778614265,-0.21094044708272,-0.351023669911695,-0.709458127077211,0.0763436690497801,0.441282491965529,-0.0540580995998427,0.00347087709417047,-0.0268422978407014,-0.414455187393157,-0.167648570359604,-0.0914609944434433,0.033508297183038,0.310983802303503,-0.0862182352487208,-0.330557119954991,-0.156485738141455,-0.217682479663608,0.321755779576651,-3259.40275653166
-2.26663916209608,0.278142750568572,0.362880211425581,-0.330191407298346,-0.0616609604157092,-0.149004000039507,-0.358585750609369,-2.64829954688652,0.36873889754032,0.601834227477116,0.617823450581615,-0.571577491198167,-0.453493167457623,-1.12936744598479,0.459431648335177,0.0153660812404921,-0.478780944076368,0.290359213926732,-0.257498476779364,-0.213184903166802,1.14992325841818,-0.0679868525390266,0.546236138281648,-0.236825591623937,0.188061720429013,0.0461188598838371,-0.635153475730516,1.70742997426045,-0.398888565912708,-0.311634287069516,0.213779894501469,-0.240152847613862,-0.302102256307471,-0.723425601959456,0.137383063714027,0.539643598045461,-0.0116609461425,-0.0228151013721189,-0.0534976788716743,-0.397859329105766,-0.135257139457652,-0.0808997317579814,0.0876267942657143,0.450076759419302,-0.0859177660070821,-0.316350434807919,-0.149325347869908,-0.230892038586991,0.473826351779247,-3244.75084779474
-2.77414235457132,0.00914343439773641,0.482884830919967,-0.0959495971596588,-0.0804051672988211,-0.167501040224103,-0.627408368032864,-2.76369334501326,0.515823379292348,0.761643847276749,0.570450348609064,-0.547245791365659,-0.42619963633509,-0.68331217673029,0.454902788728964,0.141723536468896,-0.337478469407426,0.292247827835283,-0.423405996871642,-0.332029543325568,1.18385074384882,-0.189119402475824,0.711953443084021,-0.159101352219607,0.125058277227162,0.0248747437365761,-0.312519371785254,1.89232414735498,-0.542460019142602,-0.562125428072079,0.236569009952643,-0.280496657202598,-0.301432096608176,-0.719849101931251,0.282581173577595,0.766495937870561,0.00298040344239083,-0.0329526847773718,-0.0575357467539187,-0.384476489885873,-0.148335426048161,-0.0642111557381597,0.179681540591924,0.730555755255082,-0.119810357510648,-0.294663249619076,-0.211824580088485,-0.258108142545747,0.727997473892467,-3216.33213498273
-3.22939473599706,-0.251129677697555,0.59754535876934,0.0926316885006754,-0.170909979030612,-0.369264161885117,-0.730721039959372,-2.86569832602536,0.663592059177361,0.889431500116928,0.384189196497167,-0.443010857123323,-0.321577948946263,-0.31225771948144,0.540090696248853,0.291022328778796,-0.166371897655451,0.316410109449996,-0.46539229119948,-0.379817532110998,1.24526322376139,-0.297215603375941,0.819811221594486,-0.240404553620689,0.166245603375281,0.0738615278510879,-0.137645071401299,2.07262062169226,-0.662510930614018,-0.744024820013515,0.235468615864631,-0.0960025879789198,-0.320322498565577,-0.812213897107184,0.415057674756252,0.934971679989032,0.0389311858241187,-0.0324732116552562,-0.0517933060860409,-0.483618680802568,-0.196979536300034,-0.0707773604867973,0.231548174271267,0.883013517279384,-0.134210125479263,-0.37815378427563,-0.286902337516622,-0.329841269785665,0.899137842772216,-3201.77837042154
-3.73730370326722,-0.427801148156378,0.750360550916115,0.326686233215836,-0.171546155314738,-0.72259213861913,-0.696031447998887,-2.91772375383104,0.843810993878471,1.00850161164165,0.328013502699582,-0.395622218166601,-0.282011609285203,-0.00334542454786235,0.64697259319241,0.500965398486488,-0.0184227011533957,0.316177160047482,-0.433098011881683,-0.331497674709756,1.26913783767589,-0.420038268941288,0.857810767367712,-0.206475785317413,0.137133789613782,0.0609115758708344,0.0171071493925073,2.2220910148667,-0.916515379350727,-0.798966100351883,0.250096447148635,-0.066222850172089,-0.123668892297808,-0.922060585796927,0.469789093895133,1.06111452123186,0.0287152673046362,-0.0359853160209662,-0.0412860610475968,-0.627221141643297,-0.251928341937205,-0.0886805941725627,0.274972759532339,0.993614376804362,-0.118307240703281,-0.505417611291504,-0.363563173508827,-0.407142830899821,1.04913250319247,-3189.37710412949
-4.01517577167798,-0.462427630074449,0.864375975383427,0.461586436551681,-0.139630936237384,-0.924520020975974,-0.661555211279157,-2.89358734581357,0.941307315270316,1.06526813553601,0.388054944428295,-0.404665901304234,-0.302367734875297,0.0921897078415023,0.652341398969938,0.601387131715309,0.0699933029971411,0.321812325912311,-0.340246111286742,-0.248919786100613,1.32220948670021,-0.498545160613363,0.814176060371959,-0.217117443409772,0.128153595751517,0.0651033535926193,0.0384941570300825,2.26387019880229,-0.920620614486788,-0.943692780127868,0.241456060350171,-0.0329425854103545,-0.164882490069709,-0.839517735383701,0.428059183909276,1.09325773480414,0.0232740149554073,-0.0561778475369336,-0.0418643040980423,-0.649287228803079,-0.274417928736286,-0.0751794473220411,0.28454204971626,1.05189167968948,-0.0819827651257649,-0.534003642557105,-0.384201001842375,-0.395635762132474,1.10322673386586,-3176.37854481327
-5.21077762770762,-0.665029477555077,1.64374290750333,0.726720028851922,-0.257926401614681,-1.34395815698791,-0.979739445880144,-3.07146314828244,1.26010270826886,1.26126106760452,0.0319490893425616,-0.220108572974063,-0.138384568972233,0.285543416483967,0.214367426568945,0.937860287775973,0.562948945168471,0.32052645944113,0.182807173544601,0.324810678105364,1.55687319020073,-0.943649115863786,0.361729639065929,-0.333898256184142,0.124725864341352,0.0747359670947223,-0.196484518122694,1.92514154321567,-1.21551815117241,-1.19961695188947,0.21753865558483,-0.337144864600588,-0.32284916394974,-0.692651936109854,-0.0732552451065024,1.04682509644662,0.0734334192470067,-0.150380849783966,-0.0599490971531804,-0.568514391328016,-0.228443395846799,0.087530836468735,0.263434718164846,1.24910111281112,0.208355843130301,-0.53944925377976,-0.267575900489624,-0.131776109822401,1.22709910955774,-3168.47692129099
-5.63233508086488,-0.715629421927225,1.92376450216384,0.822054157804376,-0.248168767036771,-1.37080216482312,-1.18608810389937,-3.17402724740671,1.33838057248868,1.30908293884991,0.0102413427435593,-0.215625801332801,-0.140232703604854,0.317557607580338,0.0250330674294161,1.09009108583477,0.712056246628813,0.284940292535261,0.38750283069622,0.442602489305277,1.55501534717803,-1.12391052062808,0.167533715003248,-0.294481416368742,0.0836031361145798,0.0457212573927022,-0.423887476865037,1.94831628646605,-1.16425561406649,-1.15833814631241,0.188523739563716,-0.254137672812372,-0.32908120695801,-0.764534195367948,-0.186186840048888,1.04462905218578,0.0394895518993159,-0.153499698765421,-0.0523857368839042,-0.550759130615925,-0.159334149125565,0.142801420456917,0.25430248824422,1.276807509675,0.335845535454107,-0.543098338251448,-0.179942276352322,-0.0339893886291223,1.26540616927204,-3146.5624269475
-5.76153949504574,-0.732781936633058,1.99281603048079,0.88931456225208,-0.263466836940326,-1.4121332891829,-1.19444749246089,-3.22223205145713,1.36026953181147,1.31174177840288,-0.0400404533458534,-0.187179370710339,-0.11731821070305,0.267165722700002,-0.0957045516118948,1.12986906760581,0.761349800398599,0.282426944401052,0.365478093715531,0.383326871843324,1.60673821196475,-1.18720709788453,0.09789722972211,-0.300691593414614,0.0789825476147679,0.0411369161334033,-0.528299887733917,1.95123050277392,-1.00512520596414,-1.17047256987289,0.168829221283311,-0.30533445558551,-0.212304803949716,-0.760028595125286,-0.178670789713966,1.0518075841801,0.0152564868149711,-0.14060083094521,-0.0359454004369873,-0.542284932757133,-0.138506303532715,0.168438558363995,0.225156976562646,1.26363348851735,0.368343958405326,-0.535088810855468,-0.156346204509649,0.0139475381828823,1.24677602313255,-3139.47216165441
-6.33912248287514,-0.797109505610022,2.13329873362405,1.47603433120036,-0.197075059889645,-1.72212621536267,-0.932986308471618,-3.4326311209507,1.4043367231302,1.20804651916962,-0.0873773183923394,-0.129374175255355,-0.0968259468070636,-0.362830566859508,-0.811210216186211,1.28718539003771,1.05444219962757,0.235751340825374,-0.360788542500023,-0.436103591645426,1.85006202455767,-1.49205902637816,-0.300604101843464,-0.276088656539143,0.0102507264190783,-0.00454206648664879,-0.754383094653013,1.32621530988826,-0.542857823477689,-0.627626735308004,0.113050125708802,-0.286540827659921,-0.376717013030221,-0.737235724073581,0.0474974610056189,1.12138689020351,0.00877652493151481,-0.118292686592927,-0.0286630256449645,-0.563478394733792,0.130867546181961,0.282779534300795,0.000627746834205384,1.01578835819953,0.494265911275099,-0.492817611037725,0.0707227830452816,0.280640866351357,1.07343742859243,-3117.7345062879
-6.43509725109641,-0.820562080695273,2.10155186845259,1.6690032971117,-0.197815280898913,-1.51160411715677,-0.884027111801555,-3.54431751506473,1.24659189049541,0.988876621809049,-0.115733402861103,-0.12781847406676,-0.0972311342077227,-1.16467242522857,-0.495945696179342,1.3853520177303,1.21487701234837,0.211396691705127,-0.843202325015623,-0.453672403807392,1.76577063796071,-1.43925594974023,-0.619711965412792,-0.410295623890354,0.103684023093887,0.055191977685774,-0.329022659135477,1.32586029633955,-0.243087203182397,-0.470200720184451,0.134900959050171,-0.284241401971366,-0.317394605666627,-0.684726588466512,0.122131483639097,0.814206936191975,-0.00135959950890433,-0.120169245363162,-0.0823396584761637,-0.56945462686964,0.368423132765302,0.25609486974395,-0.0824098634445284,0.883207422508302,0.386936630307777,-0.370090857571186,0.160267626071158,0.361884320486088,1.04671525127812,-3082.60481996463
-6.40500201659557,-0.792858578014634,2.09810448448238,1.6964675588764,-0.203874799228992,-1.43177902937875,-0.819733338394308,-3.50369436711324,1.19204528950735,0.912136483536063,-0.195918715395428,-0.0969364709752714,-0.0701753526819436,-1.4654879997966,-0.514447374347549,1.38818804930013,1.14081486157291,0.192160041777256,-0.796094866473713,-0.568216606960377,1.76680487514411,-1.39196287522752,-0.694487419808099,-0.39251294975519,0.101805522819902,0.0488273618720161,-0.102116345062198,1.39375604984153,-0.217285640383643,-0.450990156514355,0.149785982318922,-0.21947661818493,-0.29804038260637,-0.684636230159054,0.133498143038927,0.71375554930337,-0.00263602987453137,-0.111723775839121,-0.0899335353065215,-0.541125568735131,0.400340067869552,0.241438033954398,-0.114586124817726,0.896421472297191,0.302299797554193,-0.296711796969399,0.120279250121744,0.36576376015565,1.08228098775009,-3067.86016323787
-5.9848004006783,-0.865258638817647,1.93685884275821,1.51062537587335,-0.185751644151218,-1.13782984258474,-0.656622575867498,-3.54664503722514,0.865247351681006,0.576631927287579,-0.124577420892788,-0.166902964523451,-0.127187526892824,-2.05046246731626,-0.708049724716035,0.889305667312017,1.00570091165638,0.104309253824792,-0.484836626420179,-0.460369683162948,1.671809826713,-1.1115316134208,-0.706135250334486,-0.326419433423493,0.109761463361441,0.049828249888142,0.0844766135834997,1.38687901220943,-0.402372831296223,-0.739890629679357,0.140122425684944,-0.125409595829446,-0.170707370039158,-0.584552623896836,0.565689982012718,0.951192984891584,0.0533396572416598,-0.105177654737571,-0.110755115108181,-0.697425983971376,0.401607659376383,0.039479082208571,-0.178309589764593,0.809153863029687,-0.00399425657011782,-0.30203188263161,-0.120376527012111,0.104043316877723,1.26683719652206,-3038.84403403438
-5.7924784036771,-0.878265814638145,1.85473788604704,1.45983567496757,-0.165228576836569,-1.10629032972152,-0.597312268187306,-3.49587199939492,0.76921501098714,0.488716562588831,-0.124195639685095,-0.186637691747828,-0.135620943224925,-2.141842364695,-0.73996139983066,0.730374120706354,0.905173435430839,0.0810705513844115,-0.457773567982143,-0.364777528240148,1.67518315258854,-1.00997038402017,-0.660166363201927,-0.306872802684481,0.107175111002101,0.0492094134481876,0.0493482114991695,1.54287997896624,-0.45004616160277,-0.764580664683723,0.147249834236327,-0.219772619202927,-0.273390470121055,-0.654077947191345,0.631918952296462,1.03371028296701,0.0323915141712074,-0.0842436547158894,-0.0959242360510726,-0.699190707738211,0.373715545481916,-0.00823226209363984,-0.199076953982197,0.805401049258545,-0.0958961969722588,-0.278602926268917,-0.211453317496327,0.0493268253996766,1.29540497340295,-3026.30309686951
-4.88932382058841,-0.862115389466595,1.5042474899423,1.33843734285807,-0.0778823483037079,-1.18310786944836,-0.626767502266818,-3.5086916188869,0.475418084656033,0.295467825071548,-0.0776971225339509,-0.257293276810804,-0.177127336449914,-2.04771095050067,-0.493994362577159,0.482736103532684,0.196365382262778,0.043552095283426,-0.475732883622606,-0.26348014147081,1.88760975304316,-0.677379999361244,-0.348663405568503,-0.300991133646899,0.106079807144387,0.0662501754803898,-0.265303547498627,1.71746471824955,-0.79051236869511,-1.02137185744172,0.132017186170845,-0.122291284019328,-0.208652804149488,-0.699162249008581,0.405618215764213,1.22833565735726,0.0439439520953065,-0.102182519827847,-0.0671711650769358,-0.490124707923448,0.507139991119751,-0.0817477163351155,-0.109511050126774,0.861750266047539,-0.100926410691877,-0.129261995648457,-0.217668009624699,0.037531638439963,1.40145660298839,-2998.85525926674
-3.62183420480542,-0.480813828732102,1.24196889346476,1.32306405018379,0.070954035271016,-1.37314843887259,-0.878620748610551,-3.76020382743743,0.272000445311532,0.171231662016151,-0.0710133411497589,-0.260056808568725,-0.170239710069843,-1.56734650299451,-0.146709077638486,-0.419233524915381,-0.120997444005041,0.0761785058039933,-0.388284917219056,-0.409755435056217,1.87641543622774,-0.329023132269822,-0.00294393133511628,-0.16126817950789,0.0666189565536441,0.0321192697717174,-0.305444590660103,1.9738328581715,-0.927430767617263,-1.17107760981068,0.128229317054864,-0.0367286306561951,-0.179142101119089,-0.643549020576855,-0.216608873623946,1.23571611214346,0.0126056690653527,-0.143246296392553,-0.0377799781976035,-0.487684263432172,0.504100427864703,-0.221593111616258,-0.013921705011884,0.80517700587457,0.0437012146778743,-0.280592691190151,-0.338835115576208,0.00360702410435464,1.36625723732654,-2972.05255592033
-2.6028193036427,-0.0243755451866908,1.09785929678155,1.46936562126624,0.142739247368516,-1.4630213964395,-1.29058813670309,-3.77966740358327,0.307741291711428,0.229777256402028,-0.106516579644491,-0.20740987221979,-0.103514955347821,-1.21185081291316,0.0819710200768713,-0.618280464576811,-0.484069723426511,0.0701478665253635,-0.205901881918936,-0.221303424759219,2.05121911137411,-0.256748408001409,0.0463178551608496,-0.147284305204346,0.0610377169918549,0.0259378326207556,-0.134856228927147,1.92270226482713,-0.807027591238348,-1.03574064904986,0.143153421446792,-0.0682123032296099,-0.197270285727123,-0.585081853178936,-0.0543865624582689,1.35991565403325,0.023969594608623,-0.123654964798949,-0.0235629144770511,-0.546285176663949,0.448852127163733,-0.260867615782817,0.0172573899748647,0.855884318625783,0.192618093867657,-0.51269188826787,-0.454725724207462,-0.00757533494047961,1.33588430868958,-2950.24211323175
-1.87723141817098,0.236257040170785,1.14912462634994,1.20409481915794,0.220690183336039,-1.63697922365847,-1.28863160528803,-3.89666702386384,0.377370744724574,0.312043275912906,-0.118301632377929,-0.220817688400873,-0.119053231495503,-0.888686283450125,0.246994140961823,-0.660994436755813,-0.46315628124895,0.0926324868740299,-0.0891123762109169,-0.181589408894389,2.05619092208748,-0.307628167689388,0.0717527262011018,-0.126509383245442,0.0363368739870503,0.0149063258904837,-0.127597563572373,1.86462320402214,-0.706922868315401,-0.929392458971368,0.147270016953829,-0.11592970226079,-0.237671192980453,-0.564697792112162,0.300419150112299,1.11033671931771,0.0231248205295441,-0.0810981175029011,-0.0525146474269687,-0.448717438465081,0.51926003459098,-0.204662016652299,0.0469018771637659,1.10537710898795,0.222908375747018,-0.485801351258051,-0.49367799480308,-0.0410315204672736,1.49936248062916,-2937.91292993761
-1.45697983506514,0.430084832778335,0.938654498617552,1.10058697585672,0.233164562916605,-1.48547693300671,-1.24084838475505,-3.87270397845638,0.493342710916758,0.484969588588715,-0.0725442058497975,-0.21542867771031,-0.105740556680555,-0.647107664388967,0.203982870575021,-0.513253070477881,-0.370645314048993,0.0770557861182161,-0.0921921884162408,-0.113974459369441,2.11218877837931,-0.442823133793754,0.117613345432814,-0.125931822118881,0.0222304012671099,0.0253080827071876,-0.228425877611225,1.79852055146763,-0.680146314296347,-0.88925299153806,0.154804109703126,-0.100923918770578,-0.235289776573749,-0.513573928976763,0.349173016491832,0.759722573070989,0.00219240138294163,-0.0603586211949101,-0.076309935833325,-0.550397708133919,0.496339975304997,-0.191192957305568,-0.00758566700551119,1.25668770995477,0.14011778427547,-0.556140891262563,-0.645463057764905,-0.178010360650944,1.63042919720528,-2926.88858632117
-0.926120926125221,1.02872936684636,0.369455232761965,0.898169519892325,0.221681114862144,-1.16202066198333,-0.933526704950937,-4.04310133324385,0.696353602422839,0.807487396202335,-0.0719214258532678,-0.148113090578941,-0.029566054376258,-0.352812433750725,0.261843693873216,-0.18696942491383,-0.0388008918238569,0.0708659394056193,0.0491517038097856,-0.0089464692846728,2.15619024504767,-0.679347858081347,0.163578282642303,-0.161634111182011,0.0386364307081753,0.0615967932518189,-0.372181771275219,1.67446822967085,-0.544382614782063,-0.719710635884977,0.164607412277106,-0.12586476267804,-0.266775323139148,-0.470187740362859,0.283944245225511,0.731946203166551,-0.0104837820603189,-0.048659157413231,-0.0670346274082392,-0.639895191516719,0.581014225107192,-0.217029719592703,0.041646529392391,1.55792797152968,0.0427201526953287,-0.478241929052358,-0.876707583491946,-0.35637175697085,1.89019002507229,-2905.28654073116
-0.715256377546539,1.47172468300584,0.21254388547579,0.669304709001483,0.219704082762066,-0.939023309544779,-0.763168821875968,-4.07160644739228,0.831335054097733,0.979110496189313,-0.0781888692570798,-0.114338410752235,0.00345482478807173,-0.180640235209901,0.307436818774543,0.00120725713272235,0.0901391568476649,0.0748009362631863,0.0504528330680439,0.0261808517335239,2.20384927396944,-0.749324792862411,0.23208592835826,-0.179069681909653,0.0462285215063111,0.0834772538624496,-0.44278800116635,1.62138358836458,-0.501306248079705,-0.669891599177841,0.164294353519397,-0.129067147195332,-0.284504679336899,-0.433967906938702,0.278316193433056,0.741915393640812,-0.0198834995716267,-0.043178103876192,-0.0573867667054926,-0.729289050821549,0.627091203443109,-0.233305002597155,0.0342993862922406,1.64331925422589,0.00372785247604974,-0.465104069793746,-0.979320678403652,-0.442194738134934,1.94790349164766,-2893.60193352073
-0.352017062337322,1.77146682890192,-0.258074779595426,0.210230894069805,0.224207362209979,-0.785135908351634,-0.65515290959847,-4.08658976672258,1.12732679795834,1.15711453292499,-0.0380922175638053,-0.096267125589355,0.00941915830736106,0.0206485938145364,0.234280176261748,0.240441817534273,0.302833533116725,0.0548049794769653,0.113767309461594,0.0898596951369038,2.26106419328849,-0.775427332900794,0.242537086416309,-0.182332625294644,0.0488976451400949,0.0910373918439205,-0.379776436936937,1.64999980656519,-0.491544520990345,-0.654446418865263,0.181870543518642,-0.120497705423193,-0.279007724204203,-0.391119744143271,0.316065488786838,0.731355582477766,-0.0199487568070871,-0.038639368302578,-0.0579334049179102,-0.833354619845267,0.729104762407255,-0.198033284304863,-0.0925825636122441,1.58515864505891,0.0860562630855269,-0.369515651636578,-1.02089959366177,-0.447132795656249,1.71934673199063,-2879.68303802106
-0.162453978592274,1.7385767646566,-0.457668291783606,-0.156442605712314,0.21424879642389,-0.599266876381762,-0.502428352342981,-4.07953464308175,1.65563753999789,1.4577667197677,0.0468114626777037,-0.0902657889442197,-0.0170040115724347,0.0881457219411687,0.179898898432002,0.4646708462288,0.488199609865233,0.0235143948971137,0.224070190601938,0.208435852418032,2.25633718654757,-0.622156580170054,0.355409558251384,-0.185924359183011,0.0635337743166812,0.108816287405793,-0.298972337400424,1.56597966303431,-0.317154969285638,-0.491920931087953,0.189587588564341,-0.103653260895219,-0.259840274340638,-0.352488176054996,0.291321839428696,0.786043190299411,-0.0234139910208706,-0.0409735135061327,-0.0463220676594443,-0.899991543361922,0.792516055717761,-0.0763392912384395,-0.171569733582437,1.51953532321255,0.206302256511367,-0.248769154131729,-1.07209681839301,-0.482108645113319,1.49101631227178,-2864.13663233839
-0.168366625433853,1.92467211230641,-0.672964897292828,-0.192210410820543,0.202266677107574,-0.500174687662681,-0.514242669596746,-4.20514596719595,2.16894102432463,1.62425066384352,0.0801172531387759,-0.0221376059017542,0.000141561782986868,0.0077491179269764,0.200822880421876,0.502699060091174,0.549452335467832,0.0063537616862832,0.29671644286732,0.234962861390901,2.28129320900272,-0.439380491461564,0.345974919745311,-0.197978110062544,0.0991896675912478,0.115914816584422,-0.480675960062293,1.52145497903916,-0.330759027357892,-0.472628244904879,0.195344436222224,-0.143984017431609,-0.306096736069333,-0.341108071022478,0.461029253852187,0.612584243356163,-0.0282676054323442,-0.0170841037619713,-0.059295946438172,-0.948418647227019,0.826934528823896,-0.0513615042072435,-0.0916816665562999,1.43345078313806,0.215969234766064,-0.0868207851199908,-1.08679308384568,-0.563658466294048,1.37275755568609,-2850.10263571061
0.225736528572942,2.11922132887477,-0.70548296274672,-0.897291989449054,0.236401356847787,-0.577138435060712,-0.857523368934339,-3.97970435785216,2.83669445736971,1.7101455488517,0.0974943624607497,0.0146066685229601,-0.0188496505631678,-0.289607609204566,0.443465413826346,0.639563313994156,0.679894979486826,-0.00674054731458956,0.0463453034563711,0.098464717071143,2.53574773647031,-0.743803680856945,-0.315456180528575,-0.26299700265839,0.110243311624836,0.0873055630884133,-0.99008732623475,1.27063244036327,-0.150495424475594,-0.272121368829207,0.160371696986325,-0.140954768559302,-0.318138222531004,-0.202743775203364,0.181049798910655,0.823188073519233,-0.0579833609665901,-0.038064789834833,0.00199257588933566,-1.35086188757626,0.516124859780596,-0.24097278945938,0.0177299325991236,1.34660862905199,-0.682602706004443,-0.0231790184264266,-1.01765689872398,-0.669362856462022,1.68776030956398,-2838.96855988961
0.304580706957349,2.69928334909577,-0.837960391073086,-0.991727548191247,0.221633983680289,-0.176354116541314,-0.377247486551288,-4.24625856026438,2.46755046587838,1.55890584142266,0.0657522949047789,0.01894665003883,0.00620888283145187,-0.0187835702520976,0.543862936116887,0.933583928671547,0.945203119666109,-0.0413634614754579,0.219340734082213,0.134829443385945,2.78758328374217,-1.54443614211025,-0.750585538862104,-0.304074368536918,0.0758212130509457,0.0777061132154016,-1.01218427628447,1.35507860320468,-0.25717823232777,-0.347970087160073,0.202771025044272,-0.19686068512653,-0.326370675719021,-0.201089371738053,0.360247776828486,0.801942373153568,-0.0385137699234936,-0.0338898182013322,-0.018356050677261,-1.44810687733497,0.024281567326669,0.00865014888774288,-0.392198102561567,0.840926059054886,-0.625213447821609,-0.0253071252272623,-0.534049362134752,-0.0895709748687329,1.77842950558653,-2808.58239707614
0.445017664430204,3.04902787031091,-0.75059654181877,-1.05342912866962,0.270313623110221,-0.275001283291376,-0.418698120137624,-4.32544168476913,1.9730106572178,1.66101204810814,0.0352244222775599,-0.0219542621640544,0.0326980763406333,-0.343251510879225,0.291185310275351,1.29839331914006,1.28858613540321,-0.135555352687037,0.289924241956979,0.285551461595999,2.85502834909716,-1.89896242649077,-0.152458926711759,-0.353137733330199,0.0615773256063597,0.178591531982244,-1.03379447838661,1.32283334784419,-0.240555489559733,-0.338131309728096,0.202177111895689,-0.169833277939568,-0.287180471743786,-0.212898071321076,0.451686099587678,0.604623700213641,-0.0318974953372917,-0.0276319071093645,-0.0443294751785454,-1.57358880907562,-0.137447476992181,-0.261704395800852,0.459807367481077,0.854482411152511,0.000769323590116944,0.155540182682801,-0.749936228793863,0.0183172422563066,1.22876796330885,-2797.6879121348
0.57037468034174,3.46351663603302,-0.658894949704282,-0.814231600701097,0.312332330056772,-0.451767374244375,-0.602151603456964,-4.71928938365271,1.96184125205254,1.55829362516013,0.0228098772836434,0.0306539884939243,0.0402438848291451,-0.800338391036727,0.219507605313615,1.51867922322424,1.48971236496744,-0.222244287781849,0.454300115928714,0.499401436337754,2.79172716381054,-1.80369987168746,0.798301998364029,-0.41812577756969,0.104425291085197,0.311829348996752,-1.20587341265127,1.17992478282035,-0.157472212034981,-0.280323391306036,0.170792474316878,-0.15901605683237,-0.264396026119229,-0.252041838409289,0.346407312844926,0.559323258503305,-0.0211029767231703,-0.0418277589007626,-0.0473252033276283,-1.61191742330041,0.0439932427957524,0.168418526346855,-0.235049325324787,1.07180973199477,0.409328033522134,0.374628406301301,-0.817894271750509,-0.33837524361078,1.13355578976806,-2789.14793961279
0.336900777433701,3.41951971942292,-0.576585218345811,-0.53271031482948,0.280161097932206,-0.403969205188089,-0.447919718108921,-5.00768884119517,2.33456488016296,1.46435233899079,-0.0052337753724697,0.111078489359387,0.0428543763064417,-0.763969073753401,0.199118206266294,1.4463137345215,1.44109889504357,-0.244977084272092,0.654066043645696,0.630369138000902,2.80723087280804,-1.68880461575175,1.00395980525761,-0.403074071738662,0.108645931959017,0.323008046842424,-1.31408790278011,1.1518315100405,-0.179057696955879,-0.340246957616313,0.155232659913679,-0.11550159360256,-0.24511609530002,-0.305201868012612,0.37407024866352,0.535746841806298,-0.0352515371381149,-0.0401088016895802,-0.0569442065992295,-1.54730040111893,0.471648598140655,0.19104463483608,-0.343010216125231,1.24394568969533,-0.263439400624975,0.208951262185244,-0.343204111428045,0.0388834962620043,0.58758129397045,-2788.31724364323
-0.106405639706354,3.01628393967324,-0.466887806924818,-0.481955817875789,0.203679698924583,-0.203905431700162,-0.264119915968842,-5.11695079326673,2.78715002368473,1.25597324373842,-0.0497832002081316,0.181722445171415,0.0220619188834763,-0.439820619073928,0.376499173282591,1.30445724831703,1.15738960659542,-0.194905391085697,0.654412000360191,0.503798130712554,2.99423581229666,-1.58631073913712,0.511387102347905,-0.384726361450267,0.0998735241295604,0.250365381213503,-1.42581459356717,1.14878056845306,-0.224886886738431,-0.39553448425053,0.146670145248511,-0.163316597274606,-0.29718098420335,-0.298926015519892,0.425920958649746,0.509005405258699,-0.0278434341245682,-0.0388420662750503,-0.0655948963210526,-1.16641163174971,0.554843595906485,0.0416955197935145,-0.274351464105794,0.455398489370152,-0.178034478753514,0.336817352513459,-0.53473820865102,0.162068258401241,0.814777008291057,-2776.85597287031
-0.255911477778729,3.08954977071779,-0.618043473050694,-0.616027937706492,0.235464587425984,-0.386102607375482,-0.462483824551127,-5.10696994838219,2.58260585011874,1.32345080690119,-0.0297799746053804,0.143085976610803,0.0221255667769405,-0.369314799231395,0.366230706845839,1.27000962897329,1.09627934365166,-0.181321525318736,0.569819254896114,0.372693477406859,3.05040456665879,-1.3152214930951,0.0336515801386603,-0.364722972187412,0.117938264906719,0.182883483778689,-1.39988745858018,1.18017059709623,-0.248814346223488,-0.420099108275929,0.151105909124358,-0.171875881051882,-0.29482589806975,-0.304226916823145,0.408379299645475,0.563565572364313,-0.0251097197801633,-0.045766079655893,-0.0636222322528799,-1.04871847166981,0.378742990638465,0.0692016224186334,-0.249053833730496,0.637565177578182,-0.105240166200145,0.185599971366852,-0.469518870468929,-0.0937528059676228,0.891953861942149,-2771.62454663928
0.268064169535605,3.21322098431356,-0.631106021153649,-0.60443081708905,0.237384464840382,-0.154472846066636,-0.304242491953765,-5.14336061245828,2.68986884834053,1.36151398349378,0.0306698342024865,0.134940668121453,3.1879351302902e-05,-0.219293817027685,0.433935152965577,1.22581918504653,1.01271813232662,-0.156491127551636,0.497604911315523,0.224364729748808,3.0754493238755,-0.987614867542733,-0.447673942763143,-0.343723286165892,0.150478849567244,0.120929776612409,-1.45922689211365,1.18678860699761,-0.29629484972909,-0.440218182119128,0.153675212421725,-0.180601862297645,-0.289446186605201,-0.298986541688182,0.313859489108334,0.671677383689623,-0.024231625517859,-0.0526613263606682,-0.0530115106794034,-1.03596105787354,0.13154912957431,-0.0981201028851789,-0.0870170694822115,0.989388322938232,0.0984938553749426,0.0103539376250659,-0.491491479437381,-0.222457855876228,1.04052022587255,-2767.14784208161
0.410507103558087,3.30737553170386,-0.665123618690148,-0.64935083276701,0.257010165526987,-0.203901127550222,-0.351166157356447,-5.15464485744012,2.47575527916354,1.62389632234652,0.0546083346032822,0.0976239151762468,0.0158376218440596,-0.209314630936315,0.471796984974369,1.12543972073528,0.890871668988953,-0.159847989620764,0.523647862775323,0.236306326874466,3.09446415577968,-0.996764079302356,-0.342216364570439,-0.337795796674573,0.140208087806647,0.128414823327377,-1.43982000981841,1.14885666056905,-0.26001861179219,-0.396376298569831,0.156071613559111,-0.183061654661136,-0.284890265920612,-0.286027957600881,0.304985245473376,0.644041690602675,-0.0194602713236041,-0.0547330675987668,-0.0560752273202704,-1.14839342475482,0.176576924647091,-0.0759203307493021,-0.0717089669828874,0.840947011888322,-0.0308850736604097,0.0509136493933069,-0.603521272730454,-0.0590589898947667,1.1864949847984,-2764.47246658759
0.430028683118486,3.37091446235953,-0.709547097664628,-0.770663632360155,0.264455013884586,-0.193994348218181,-0.376748652314628,-5.11204801262461,2.38687365013206,1.68659890706258,0.0486041353293065,0.0854912715618176,0.0194934163145534,-0.298799407353672,0.543431215634042,1.02145395963594,0.788890122826255,-0.161477072504641,0.483049843183249,0.209495646106742,3.10492477889862,-1.22459782128697,-0.220538913423383,-0.337266162269909,0.112498619683708,0.147004104945432,-1.43631204560054,1.18822011744302,-0.308438843633178,-0.437013448922484,0.157754014298916,-0.18144795856121,-0.293707745120946,-0.278791897076705,0.306684683784476,0.673554480160834,-0.0166388122915796,-0.0564656554289175,-0.0532590411319985,-1.20498770663232,0.142300505258903,-0.00587371310437343,-0.0939665212490997,0.828476925136332,0.0144772990455717,0.043402778301076,-0.566199238228232,-0.117605029796377,1.11102908715309,-2762.35462140166
0.375101766644415,3.525690623682,-0.862002636508795,-0.96392108655308,0.285165874801597,-0.247154707400267,-0.456830168061559,-5.09045301031851,2.36915280524383,1.54985695625285,0.0433383270389022,0.0889174665345498,0.00404979170148977,-0.240112919103609,0.564873899680526,0.96292521052373,0.689131565365057,-0.166406428781611,0.496295667259363,0.225928195577231,3.15232443917177,-1.29861599648515,-0.0959021297609685,-0.330022988677301,0.0919640852677343,0.156092975169235,-1.38259026744007,1.14217573093146,-0.229963024167281,-0.363472989450686,0.157957435437447,-0.169593186576757,-0.281787885394238,-0.257196346796788,0.283570800023605,0.644624422758874,-0.0157136860229533,-0.0600611954578603,-0.0565179475450013,-1.22372395118931,0.123415821318207,-0.140355489448689,-0.125395990609464,0.78578351099459,-0.00679399328497081,0.112229854086673,-0.558790149226931,-0.132545545764644,1.1218430056609,-2760.87305055156
0.455816727964835,3.66172885209955,-0.855761885348273,-1.03891849867749,0.31477515491962,-0.343655508040448,-0.563623302850901,-5.10581193080562,2.3005204061149,1.66093754427917,0.0352941710076479,0.0833740807219027,0.00791525552172851,-0.283444089941803,0.562107335770999,0.961431674079566,0.674214466083906,-0.174150804377187,0.450256470022029,0.176914118385572,3.15707050054015,-1.28772608919572,-0.130216047995952,-0.326115667209577,0.084333764254148,0.150999760240386,-1.36782547505334,1.20358487102769,-0.294617114061993,-0.426462797411725,0.158296023440421,-0.153640554824389,-0.272577380123728,-0.26604006868481,0.275946838484581,0.70410094691036,-0.0132266295951177,-0.0642412984738484,-0.0528020535915506,-1.25845833861483,0.132172074191897,-0.162801456015479,-0.171454920586913,0.684261141352982,-0.0212847976433807,0.16940179809131,-0.588720728947862,-0.0667194591795554,1.14334761721674,-2759.06472981235
0.45059013017407,3.72976844950913,-0.882897269578398,-1.11451781168998,0.322389575659841,-0.3364191533434,-0.53023530168607,-5.09808067014453,2.06570096653703,1.80572837290528,0.0184502044448745,0.0682619270522987,0.0240994555699557,-0.201209937910766,0.622291120396351,0.846498186023779,0.52332296269568,-0.171505236076053,0.443873655845979,0.155029979487421,3.20258379592235,-1.19457668756151,-0.169074587679705,-0.309254585900738,0.0746821086218119,0.135883494593512,-1.37402852182452,1.15939104719334,-0.254021626672212,-0.388572862502397,0.154886126056059,-0.144742010146367,-0.268036449766906,-0.248877773997797,0.270639240117268,0.68077396760937,-0.0112009788061024,-0.0652321716300749,-0.054780492252668,-1.3291869735864,0.0974818591049939,0.059422240177986,-0.0839813789305386,0.682751627364064,-0.0161175822752994,0.152847609752778,-0.593649518267704,-0.10606872685875,1.09535237100914,-2757.37090282863
0.444313077736903,3.71958427967963,-0.851181047473298,-1.10127053141148,0.329804224460449,-0.364172842031187,-0.539880782358555,-5.08851402976249,1.98116822393845,1.78087969139385,0.00675489294668961,0.065051478234054,0.0207018567255903,-0.217822022981422,0.640494869509438,0.802039972885961,0.470305011856861,-0.171881513390619,0.428136930164901,0.141907752279312,3.21418958711411,-1.18228290131255,-0.115313314785283,-0.306131611025742,0.0680212508766612,0.139243099012216,-1.39441311243508,1.15792560134103,-0.260510764634707,-0.391930635221469,0.154618820769259,-0.146261008017777,-0.273041832625235,-0.248228306141507,0.284648745506004,0.664290392308927,-0.00935468678549494,-0.0638327819625222,-0.056771472600809,-1.36612528975222,0.0726005956285379,-0.00855504133191679,-0.13506457862377,0.745260133497183,0.0403000819141077,0.121887024190245,-0.573333370503567,-0.0251061097055675,1.09932969685327,-2756.50531928168
0.534773132606109,3.75504027259487,-0.778090267501252,-1.04340754384031,0.350566632620661,-0.420547016798993,-0.570889041615892,-5.09773137617812,1.94226085436411,1.67038295583074,-0.00171551561218294,0.0711212853457284,0.00310207666961967,-0.188432620382955,0.630371019795047,0.777332241130652,0.426474120156618,-0.175064951225677,0.420558852704564,0.137151544874003,3.23866467850652,-1.23429970852553,-0.0373830187427005,-0.30100008437307,0.0488025418523898,0.143874092869515,-1.38605123055995,1.18293310603753,-0.281960106552875,-0.416847245959179,0.15729968407676,-0.151958309347451,-0.275483714842061,-0.250635634664692,0.274176157164134,0.678005283809305,-0.00393063931347702,-0.0682722523561149,-0.0584168229958093,-1.35086603494727,0.0818012978610826,0.027610898219884,-0.0924560958044506,0.665771938500685,-0.0402779252734145,0.194291062524723,-0.509978531184205,-0.12800599246854,1.03459777203204,-2755.30778699955
0.505152116662662,3.80553988485871,-1.05790695890639,-1.26867299982444,0.35531214427547,-0.408953387336914,-0.497773799488248,-5.05231178147267,2.06169683244593,1.83122452274541,0.0235141654639981,0.0866300767767153,-0.0154538157125571,-0.140994913258889,0.755501739642618,0.508309997933293,0.204102598471357,-0.164221698224556,0.349754720007298,0.063158307310385,3.21574545486557,-1.23546198417831,-0.205284048238469,-0.270023665301765,0.00740493066907726,0.110240288739895,-1.4974679033094,1.20659375445234,-0.338378080455344,-0.475744700844126,0.151989071983097,-0.154569899973076,-0.275732271031615,-0.263401501761964,0.313144862370616,0.741029228451889,-0.00871904244027788,-0.0632652725124423,-0.0532827392148463,-1.44300566376818,0.311382398810245,0.12699673768124,-0.0976840039371503,0.830019846668307,0.0478933214540639,0.13226075595818,-0.78462219728849,0.047723144470298,0.99390451391629,-2754.74222468909
0.497167443262697,3.76004047137467,-1.02698151186887,-1.21500775512727,0.348148065529957,-0.388485908107346,-0.460324827653486,-5.04332183477091,1.99841159765747,1.87436151181807,0.0216251498307352,0.0822989616881002,-0.00840289473210874,-0.107770186469694,0.726165715626279,0.552552482991663,0.240171722495845,-0.163214303602625,0.350852107553712,0.0778777440477461,3.21309868411877,-1.16612005706211,-0.196598797018947,-0.26959980799028,0.0125137286261372,0.109027130407374,-1.49539225465189,1.19954061243842,-0.323221166738303,-0.462776780982996,0.151769119277976,-0.154490718161448,-0.276327545818966,-0.26334415744343,0.311625480599073,0.726333259374543,-0.0086622605702503,-0.0629337695455828,-0.0543793557584027,-1.38391598690224,0.233392865253757,0.0247425077715827,-0.129171283726164,0.805104734963119,0.0330836464087518,0.143380220750759,-0.684063086195815,-0.00373580392502599,0.993876924319923,-2754.02146507241
0.474311732723231,3.67402890407134,-0.943603050615867,-1.09848255497805,0.341831570956895,-0.37601865958125,-0.447630769915235,-5.01368352264495,1.92554257046444,1.69757147381586,0.0132263726755372,0.0788190138455705,-0.0178442080418485,-0.0751989826521061,0.654869316820777,0.666952326086065,0.34435393658939,-0.160618476000944,0.348826306699571,0.0959550470632499,3.21996465253551,-1.07146385559852,-0.164721155412328,-0.278199189013953,0.0269623668391464,0.112787333209351,-1.48395200045335,1.20256412391559,-0.311600536210491,-0.450373496009105,0.154085490895727,-0.157713261974324,-0.278709950354424,-0.268404845382899,0.30004110811925,0.707355294090122,-0.00682525477188699,-0.0638352427038741,-0.056219651360557,-1.39083748664949,0.166921103509847,0.0621386015901899,-0.0979820859294777,0.795313639046307,0.0186600246143827,0.120077673819305,-0.631289315291203,0.015292543352459,1.02669015826258,-2753.20124753538
0.446226564462119,3.5941642625993,-0.872021022598236,-1.01050231431544,0.331987418529386,-0.368663916139747,-0.434005805109096,-4.97796717869549,1.88272767014291,1.65122715518535,0.00904791073101645,0.075472861844147,-0.0164669041373243,-0.0270269485290261,0.644947426250301,0.680124555823529,0.366834854084185,-0.154374649375839,0.360383292215167,0.111364147725804,3.22873198580672,-1.09882283719255,-0.179753569840351,-0.280588501063207,0.0249330182530178,0.11136862258503,-1.47327138440552,1.19189462936778,-0.295364290952069,-0.433012103840401,0.156240424826784,-0.160116444635517,-0.277401135532256,-0.266344485743139,0.300320590814074,0.696825059211402,-0.00642693456376252,-0.0639126607666484,-0.0574657175038351,-1.40444525608831,0.18186614687588,0.0116582033903422,-0.131928862976503,0.813737406582746,0.0203035360857273,0.18104542627801,-0.613644064286471,-0.0440554565445806,0.992281723822939,-2752.75170788618
0.286306928116178,3.28034134515948,-0.811062321168647,-0.843832385917292,0.279333078367012,-0.330454056091347,-0.36232036203167,-4.80501735119654,1.91853619585972,1.55359546643378,0.0261986146257047,0.0714466780011206,-0.0219615173865289,0.0291221244548309,0.528850368606641,0.854298833558612,0.590183425122185,-0.13781670648431,0.374692615676693,0.217956129551375,3.162583674338,-1.18624288201901,-0.0138167647215758,-0.297947426235208,0.0154533462516677,0.133287118523695,-1.45456447112745,1.16915481655162,-0.234350879755591,-0.382232364095003,0.159236716964507,-0.168751813935667,-0.278501977466041,-0.271456491772515,0.317171717787863,0.641630817810538,-0.00629078833741629,-0.0604296514456131,-0.0618991936765711,-1.2249800719903,-0.260297921423419,-0.0250092083589218,-0.0415192638112597,0.71189917873394,-0.0337261278785155,0.0995189133844117,-0.238758952770582,-0.105484755421236,1.17991769128519,-2752.69899031654
0.229535081055904,3.28742643542251,-0.775826275477019,-0.824424390435985,0.278370557527707,-0.306369582709295,-0.354171000006623,-4.75941264821774,1.76312767141636,1.48390712962934,0.00698149572043128,0.066952419047524,-0.0169607853104475,0.181417702713275,0.482422068087759,0.955482355804702,0.65342200392663,-0.124367294943254,0.345476557009532,0.174099378878295,3.21951421244497,-0.966825451283617,-0.193332618175516,-0.298628985455575,0.0361402763209519,0.108716747780992,-1.49047179918181,1.19456888052187,-0.276547598634211,-0.416914561790815,0.159010877313897,-0.172829997080173,-0.288179024385989,-0.26555511057875,0.282533391559294,0.663430303297552,-0.00459537688362168,-0.0651354834001386,-0.0601245838683233,-1.33861921635087,0.130433159580896,-0.0749448683160039,-0.141021434869607,0.80623496780043,-0.0388192698469388,0.167812348996823,-0.548033838876156,-0.140420487102305,1.0178522081963,-2751.85364843078
0.252336847132283,3.34307227145499,-0.79310680417384,-0.887119005359913,0.290354040446858,-0.360262634951176,-0.432842936278358,-4.78148272826932,1.83922135538845,1.53309611640402,0.0086123979620053,0.0714407393600398,-0.0174635315210054,0.110808124742367,0.595258404593418,0.73125059919689,0.452238631938581,-0.128728284274855,0.369797688332924,0.146471512421627,3.22897119404811,-1.09978880430466,-0.230143588961845,-0.285921649284933,0.0146054403474302,0.102525937258682,-1.47222018306405,1.18018702665756,-0.264544975777235,-0.403648637827632,0.161141598927488,-0.165143223508757,-0.27374354801335,-0.266748426177953,0.307299798692209,0.684804891913781,-0.00618690932943402,-0.0633864176178264,-0.0591295852506292,-1.39999256287384,0.0709287077206089,0.0105505290538042,-0.125778787097191,0.812496493929697,0.0366898441645719,0.201395921660709,-0.531598130645556,-0.0685320795855636,1.01564212288942,-2751.65993198845
0.20517626694206,3.30078015661808,-0.815250967118659,-0.906472032834228,0.279153491176843,-0.350685847593169,-0.419112466727294,-4.74789729241681,1.87757062687843,1.55446301375848,0.0151325075922031,0.0730268211793719,-0.0158332945126206,0.121502806602068,0.558822650764554,0.805001556681184,0.524134502033552,-0.125418964126502,0.366103755556388,0.162867559562467,3.21497752139771,-1.11141129934777,-0.19175730448798,-0.292335760310862,0.0146934205880401,0.109356011196657,-1.48938050310397,1.18604042267414,-0.272790130769804,-0.414788825327677,0.15915223798389,-0.167683056159856,-0.279352559252797,-0.262929519873427,0.299967817790261,0.679070159291957,-0.00515875176131485,-0.0641565598060276,-0.0595736746368181,-1.36313466990451,0.0588512736183158,-0.00244002069303462,-0.11042085336773,0.799603173930444,0.00715417068909393,0.168304526011376,-0.521429809282707,-0.0879634066343855,1.03832121254654,-2751.45550025653
0.154311174680838,3.25611709425711,-0.813611175271872,-0.907509962511297,0.2688972720967,-0.343546926627907,-0.418090483159079,-4.69938862164643,1.86447966201819,1.54265005846219,0.0157959592510505,0.0726852356477698,-0.0143221409499761,0.140678460282516,0.532230154913833,0.834529486657889,0.549231076837915,-0.120682017979527,0.363244936217957,0.161822203029433,3.21241985230458,-1.05913787415889,-0.206852308345588,-0.294001165446953,0.0168550392525392,0.106687480151914,-1.50147320827358,1.19112392108101,-0.277141559965799,-0.419788517860871,0.159435121234789,-0.168457839951278,-0.280266106181163,-0.264030576292767,0.296807952435354,0.679891430791834,-0.00499101088775036,-0.0646923017291882,-0.0592532648029165,-1.34996305344149,0.0508136082366147,-0.0046480750087566,-0.105702461061322,0.792702461771334,-0.000681132309463321,0.156277570855024,-0.518516374240209,-0.0881646123136429,1.04551782497329,-2751.36604833874
0.123483274073523,3.23119501182117,-0.815743892456327,-0.927871115353064,0.264803008307363,-0.35077756845885,-0.435955348652785,-4.66924099348509,1.8905336600356,1.55358008804206,0.0194442213092961,0.0744013733179884,-0.0126033094709523,0.137430722198995,0.527711876376696,0.831118469498657,0.543209885557184,-0.119240818661699,0.368526050345341,0.156660091939064,3.21070464552394,-1.0737863553789,-0.224960170133656,-0.294091396356443,0.0125171901554132,0.105381772198445,-1.50998152121574,1.19333059478804,-0.279749885621124,-0.423892776782319,0.158840645767771,-0.167569301246636,-0.279472234379856,-0.260929707162338,0.294577749018936,0.685210027080368,-0.00401607123334204,-0.0654882256316848,-0.0594012445889318,-1.35829901383883,0.0534594849172676,0.00725803307065367,-0.101715214929159,0.795681625690955,0.00264595512467732,0.153241615361694,-0.530091738501547,-0.0801078829221549,1.04410910784083,-2751.31557549762
0.124369335717383,3.2321132574203,-0.810791714103213,-0.931969149992403,0.265268219394794,-0.351663866343456,-0.441098373758676,-4.66707479790677,1.88333285206671,1.55051219642553,0.0199020656976997,0.0742159070358047,-0.0116654661022382,0.113919233450475,0.529107006102017,0.810821089715069,0.520107912146406,-0.120553833662148,0.369793952385974,0.146584610976642,3.20944767399897,-1.06118343867312,-0.239213852696928,-0.293000735891779,0.0127628013419042,0.103888769795304,-1.51334044191005,1.19499739055468,-0.281710245994752,-0.425527954713956,0.159441377073864,-0.167661741689725,-0.27855535447792,-0.26317145472175,0.296372585949562,0.686922598293279,-0.00423485018682101,-0.0654694351645515,-0.0591402928179776,-1.36149349277131,0.0550245055624595,0.00851508488504946,-0.10158540786085,0.797654710713548,0.00543707772502345,0.158350978126464,-0.530645647971455,-0.0769654391529705,1.04255715474981,-2751.29338769059
0.14230209238723,3.23742010724175,-0.801620752516342,-0.926878804012674,0.268489172617937,-0.351336802562559,-0.441577280146671,-4.67489980758641,1.87627197396589,1.54607293911075,0.0207962638127937,0.0738299240502587,-0.0114340848720347,0.0911982816211454,0.527651260405374,0.802232316553338,0.508628224937814,-0.123076889261931,0.368913443886964,0.139284403650042,3.2056320571899,-1.06038345553784,-0.250481786951359,-0.292052438754133,0.0127687172697713,0.103349021202181,-1.51026570032881,1.19493770205338,-0.279080740434435,-0.422824319330915,0.15965175563477,-0.167254964695979,-0.277578111497217,-0.264674164540605,0.297824013671744,0.687119445086533,-0.00407007802722456,-0.0653316169877121,-0.0592976958245237,-1.36574104862324,0.0518843571310391,0.00806767808379688,-0.103821819661081,0.800029698885163,0.00739561635818271,0.163092945854678,-0.526258165182087,-0.0740378409773936,1.04152122772261,-2751.28010069617
0.156231069828067,3.24618740107752,-0.799852822917752,-0.925821744984872,0.270564625800195,-0.349426181392155,-0.437841212607154,-4.68520898398647,1.87353909020491,1.54605477916341,0.0215176838720412,0.0735215754100177,-0.0112532403110116,0.0733957295982055,0.527591020656768,0.799782637198064,0.505581727875903,-0.124492627639134,0.366052675919587,0.136387725859353,3.20073050525973,-1.06646938935138,-0.249120570156493,-0.292224532109744,0.0130499041626491,0.104508635756015,-1.50824818354936,1.19492218298729,-0.27856250560258,-0.42213139031483,0.15972926746676,-0.167888819724793,-0.278131383402975,-0.265953215544226,0.299019003080599,0.685514656963233,-0.00414907201444359,-0.065092975022052,-0.0593720073952747,-1.36274414673949,0.0541709244067813,0.00481562536587047,-0.104639249700115,0.800712068322766,0.00490309297153965,0.16341250545208,-0.52472051080736,-0.0762836161422203,1.04215454753725,-2751.27520671746
0.162118686081382,3.24992149030952,-0.799144660194531,-0.92377292902868,0.271338324438647,-0.348010273747234,-0.43524369755979,-4.69003778783714,1.87179678455431,1.5447795012073,0.0217291247984944,0.0733734851604845,-0.011354692549033,0.0714433705949466,0.527030311101114,0.80300850056247,0.508908248187763,-0.124240570776888,0.363059887722386,0.1359726268975,3.19792405201729,-1.06718239785457,-0.249818498812505,-0.292474975153718,0.0133147722544639,0.104875334798575,-1.5061979125583,1.19458569885206,-0.277762322824052,-0.421181109833716,0.159710741022771,-0.168259065758831,-0.278627952465485,-0.266517392052057,0.299328231099115,0.684409448725196,-0.00414998283544069,-0.0649544876114334,-0.0594438239633254,-1.36169456997387,0.0536199562398729,0.00369803512065162,-0.105070577856036,0.800379067749985,0.00333650596341744,0.16315797764985,-0.523132271961591,-0.0764064022348628,1.04312659653864,-2751.27322686569
0.164455957500425,3.254267513885,-0.79959025670916,-0.923069890961967,0.271636199470757,-0.347614909821854,-0.434075061528468,-4.69520840180264,1.87205980308485,1.54431566367376,0.0217148306479567,0.0734206912469539,-0.0113953683013734,0.0734956794623495,0.52905303919034,0.804280876562767,0.511287480917759,-0.123063035024856,0.360220626276584,0.13598979738902,3.1956066684506,-1.06899711830671,-0.250092664902027,-0.292805754777774,0.0133248568848438,0.105273388172563,-1.50471577584867,1.19422041101313,-0.277736378413177,-0.420924721898231,0.159687057495222,-0.168643384517051,-0.279152892769784,-0.267008533340842,0.299446060757696,0.683685588177451,-0.00418302465602323,-0.0648554140634718,-0.0594533793878141,-1.35886123928511,0.0554992884454861,0.00307219264052735,-0.105243274740788,0.799577110468857,0.00180806509165287,0.161037101258348,-0.524035278805034,-0.076503750697236,1.04353099938194,-2751.2715087295
0.164059387701176,3.25815007834707,-0.800378795335939,-0.923240168687778,0.271593890039376,-0.348231456706361,-0.434860294327015,-4.69968917351701,1.87358352459268,1.54429300766013,0.0215565054770739,0.0735858391122857,-0.0114335920109283,0.080463994032732,0.532393426964874,0.803965230573393,0.512070911107679,-0.121327233088284,0.358458704653327,0.136024386649177,3.1948538274246,-1.06766763266602,-0.252370383345522,-0.292946203681404,0.0133177675079327,0.105213500566205,-1.50416315231833,1.19392084436655,-0.278116284264942,-0.421016570920506,0.159659396580797,-0.168772780809679,-0.279404083400238,-0.267357913196595,0.299267766246005,0.683770477321078,-0.00418763122876763,-0.0648426837449405,-0.0593972295008377,-1.35944433089002,0.0560174340403059,0.00357854104610418,-0.105306241267165,0.799097908019377,0.00167127196913542,0.161499653122992,-0.524262504429452,-0.0754463873309754,1.04324078498276,-2751.27025395779
0.161833493098118,3.25967572258854,-0.799990979984518,-0.923048782611027,0.271393140439077,-0.349476136309034,-0.436532297134246,-4.70178643194242,1.87430698282913,1.54375948811238,0.0211256275214836,0.07376868190349,-0.0114046236521019,0.0849624673934502,0.534954730361652,0.801723154436408,0.510596269508919,-0.120350332878676,0.358729090785132,0.136161643682127,3.19528461269935,-1.06667905395332,-0.253002001380275,-0.292868752317199,0.0131628948381574,0.105147978484546,-1.50462992284734,1.19382759383325,-0.278466235957164,-0.421257115864021,0.15964942302292,-0.168551369369297,-0.279189294970247,-0.267475860182829,0.298980282000567,0.684362394518246,-0.00419102507874996,-0.0648940856765853,-0.0593285564321263,-1.35767355232235,0.0576359492819308,0.00391626040040254,-0.105426121199002,0.798541348625686,0.00194297410927554,0.159597459430406,-0.526005027559374,-0.0750383176245264,1.04263968592926,-2751.2697799295
0.161189787345381,3.26014451444498,-0.800367465787966,-0.923662860875837,0.271295112067798,-0.349871100805441,-0.437350644648256,-4.70232639565928,1.87527556388571,1.54433102991565,0.0211113336731415,0.0738129016333948,-0.0114013131850752,0.0867388872247605,0.535545072990482,0.800673300581187,0.509362389745516,-0.120160574277883,0.359469358268715,0.136190495316041,3.19589428900081,-1.06466785013657,-0.253923385076264,-0.292733556411471,0.0132281385454395,0.10496970293872,-1.50552483743768,1.19391098625278,-0.27875681277843,-0.421510289215941,0.159638269996608,-0.168440356889678,-0.279102178823633,-0.267436627693652,0.298833648265402,0.684773188061988,-0.00417505225131278,-0.0649406949170775,-0.0592856135357116,-1.36019361986994,0.0565860811046354,0.00434490662522369,-0.105371708085828,0.798845550437382,0.00261758513202732,0.16187226368544,-0.525061409558689,-0.0745994450643997,1.04226708242234,-2751.26966430137
0.160707188109713,3.25997691627853,-0.799772902480244,-0.923149956444919,0.271273633946851,-0.350158973203555,-0.43760359848435,-4.70237276286594,1.87495208997662,1.54377867887895,0.0209107021187753,0.0738445169034541,-0.0113923039686105,0.0860088607552692,0.53542743687767,0.799970528622089,0.508625558131474,-0.120276777905258,0.359915582997174,0.13627109926181,3.19586364456311,-1.06442615701107,-0.253480606169448,-0.292652841635288,0.0132088303081517,0.105004872574203,-1.50594492379506,1.19393200470309,-0.278713497846323,-0.421503831367472,0.159635617524284,-0.168310450006658,-0.278960174218144,-0.267413585191452,0.298764049591528,0.68491740673945,-0.00417675026564388,-0.0649591441736621,-0.0592770388908074,-1.35900227780378,0.0571166591748954,0.0042227178565331,-0.105454710622751,0.798678155713749,0.00259432648885214,0.160728657465686,-0.525697395587502,-0.0748311956341214,1.04223851326812,-2751.26961946219
0.160879825286923,3.26002778591077,-0.79969470655503,-0.922950275225977,0.271288804874935,-0.350104475290924,-0.43746535862146,-4.70250441246052,1.87494197762442,1.54364317527021,0.0208665455027944,0.073834396789536,-0.0114015333016355,0.0847996438529122,0.535055362844022,0.79973930306335,0.508210131016875,-0.120428169354404,0.360041353736585,0.136294030915652,3.19547958625224,-1.06397281235662,-0.253442678330625,-0.292598953808015,0.013278560068772,0.105014175467951,-1.50629981972665,1.19394717141032,-0.278684476374565,-0.421503373467027,0.159633834642779,-0.168291340115484,-0.278957715269085,-0.267380351328488,0.298768830341945,0.684915268583062,-0.00417195413450815,-0.0649783082357159,-0.05928258032959,-1.35914696120005,0.0569673962544578,0.00416436526985282,-0.105479192836632,0.798687655665395,0.00257105337576923,0.16090933249024,-0.525541555588704,-0.0749398056241052,1.04225782936647,-2751.26958556111
1,1,-1,-1,1,-1,-1,-1,1,1,1,1,-1,1,1,1,1,-1,1,1,1,-1,-1,-1,1,1,-1,1,-1,-1,1,-1,-1,-1,1,1,-1,-1,-1,-1,1,1,-1,1,1,1,-1,-1,1,-2751.26958556111
1,1,-1,-1,1,-1,-1,-1,1,1,1,1,-1,1,1,1,1,-1,1,1,1,-1,-1,-1,1,1,-1,1,-1,-1,1,-1,-1,-1,1,1,-1,-1,-1,-1,1,1,-1,1,1,1,-1,-1,1,-2751.26958556111
1.00000031723175,1.00002948945621,-1.0000042236934,-0.999994268728187,0.999993997334968,-1.00000200307113,-0.99999468200258,-1.000001819717,1.00000840445864,0.999995636608219,0.999999557621777,0.999999456485966,-0.999999930878403,1.00000016880222,0.999991049116943,1.0000074149284,0.999990962533047,-0.999997368286131,0.999992595985532,1.00000148502295,0.999840412056074,-1.0000116218871,-0.999997619306669,-1.00000162472134,1.00000098807504,0.999988664058037,-1.00001613298082,0.999995497637428,-0.999994909740053,-1.00000624277163,1.00000305299181,-1.00000097352313,-1.000002917659,-0.999986113107298,0.999990355718182,1.00001094522304,-0.999999428109732,-0.999982486770023,-1.00000912768883,-1.00000400250428,0.999999782448867,0.999999998544808,-1.00000020445441,0.999997740087565,0.999999992724042,0.99999985229806,-1.0000011845259,-1.00000000436557,0.999995389953256,-2751.26957805676
