"neither_C1","permhc_C1","dist5_C1","dist15_C1","avail_C1","somepriv_C1","notpriv_C1","device_C1","voucher_C1","cash_C1","pricenone_C1","pricevoucher_C1","pricecash_C1","neither_C2","permhc_C2","dist5_C2","dist15_C2","avail_C2","somepriv_C2","notpriv_C2","device_C2","voucher_C2","cash_C2","pricenone_C2","pricevoucher_C2","pricecash_C2","neither_C3","permhc_C3","dist5_C3","dist15_C3","avail_C3","somepriv_C3","notpriv_C3","device_C3","voucher_C3","cash_C3","pricenone_C3","pricevoucher_C3","pricecash_C3","INTERCEPT_C2_mu","INTERCEPT_C3_mu","INTERCEPT_C2_sig","INTERCEPT_C3_sig","tau_SOCIALBARS_C2","tau_SOCIALBARS_C3","tau_FEARSURGERY_C2","tau_FEARSURGERY_C3","tau_PRIVACY_C2","tau_PRIVACY_C3","tau_TRAVELCOST_C2","tau_TRAVELCOST_C3","tau_REASSURANCE_C2","tau_REASSURANCE_C3","SOCIALBARS_lambda01","SOCIALBARS_lambda02","SOCIALBARS_lambda03","SOCIALBARS_lambda04","FEARSURGERY_lambda01","FEARSURGERY_lambda02","FEARSURGERY_lambda03","FEARSURGERY_lambda04","PRIVACY_lambda01","PRIVACY_lambda02","PRIVACY_lambda03","PRIVACY_lambda04","TRAVELCOST_lambda01","TRAVELCOST_lambda02","TRAVELCOST_lambda03","REASSURANCE_lambda01","REASSURANCE_lambda02","REASSURANCE_lambda03","REASSURANCE_lambda04","REASSURANCE_lambda05","SOCIALBARS_tau01_1","SOCIALBARS_tau01_2","SOCIALBARS_tau01_3","SOCIALBARS_tau01_4","SOCIALBARS_tau02_1","SOCIALBARS_tau02_2","SOCIALBARS_tau02_3","SOCIALBARS_tau02_4","SOCIALBARS_tau03_1","SOCIALBARS_tau03_2","SOCIALBARS_tau03_3","SOCIALBARS_tau03_4","SOCIALBARS_tau04_1","SOCIALBARS_tau04_2","SOCIALBARS_tau04_3","SOCIALBARS_tau04_4","FEARSURGERY_tau01_1","FEARSURGERY_tau01_2","FEARSURGERY_tau01_3","FEARSURGERY_tau01_4","FEARSURGERY_tau02_1","FEARSURGERY_tau02_2","FEARSURGERY_tau02_3","FEARSURGERY_tau02_4","FEARSURGERY_tau03_1","FEARSURGERY_tau03_2","FEARSURGERY_tau03_3","FEARSURGERY_tau03_4","FEARSURGERY_tau04_1","FEARSURGERY_tau04_2","FEARSURGERY_tau04_3","FEARSURGERY_tau04_4","PRIVACY_tau01_1","PRIVACY_tau01_2","PRIVACY_tau01_3","PRIVACY_tau01_4","PRIVACY_tau02_1","PRIVACY_tau02_2","PRIVACY_tau02_3","PRIVACY_tau02_4","PRIVACY_tau03_1","PRIVACY_tau03_2","PRIVACY_tau03_3","PRIVACY_tau03_4","PRIVACY_tau04_1","PRIVACY_tau04_2","PRIVACY_tau04_3","TRAVELCOST_tau01_1","TRAVELCOST_tau01_2","TRAVELCOST_tau01_3","TRAVELCOST_tau01_4","TRAVELCOST_tau02_1","TRAVELCOST_tau02_2","TRAVELCOST_tau02_3","TRAVELCOST_tau02_4","TRAVELCOST_tau03_1","TRAVELCOST_tau03_2","TRAVELCOST_tau03_3","TRAVELCOST_tau03_4","REASSURANCE_tau01_1","REASSURANCE_tau01_2","REASSURANCE_tau01_3","REASSURANCE_tau01_4","REASSURANCE_tau02_1","REASSURANCE_tau02_2","REASSURANCE_tau02_3","REASSURANCE_tau02_4","REASSURANCE_tau03_1","REASSURANCE_tau03_2","REASSURANCE_tau03_3","REASSURANCE_tau03_4","REASSURANCE_tau04_1","REASSURANCE_tau04_2","REASSURANCE_tau04_3","REASSURANCE_tau04_4","REASSURANCE_tau05_1","REASSURANCE_tau05_2","REASSURANCE_tau05_3","REASSURANCE_tau05_4","logLike"
0.1607,3.2597,-0.7997,-0.923,0.2712,-0.35,-0.4372,-4.702,1.875,1.5435,0.0209,0.0738,-0.0114,0.0844,0.535,0.8004,0.5084,-0.1205,0.3598,0.1364,3.1951,-1.0641,-0.253,-0.2926,0.0133,0.1051,-1.5063,1.1939,-0.2787,-0.4215,0.1596,-0.1683,-0.279,-0.2673,0.2989,0.6848,-0.0042,-0.065,-0.0593,0.1,0.1,0.1,0.1,0,0,0,0,0,0,0,0,0,0,1,1,1,1,1,1,1,1,1,1,1,1,1,1,1,1,1,1,1,1,-2,-1,1,2,-2,-1,1,2,-2,-1,1,2,-2,-1,1,2,-2,-1,1,2,-2,-1,1,2,-2,-1,1,2,-2,-1,1,2,-2,-1,1,2,-2,-1,1,2,-2,-1,1,2,-2,1,2,-2,-1,1,2,-2,-1,1,2,-2,-1,1,2,-2,-1,1,2,-2,-1,1,2,-2,-1,1,2,-2,-1,1,2,-2,-1,1,2,-17107.688244261
0.1607,3.2597,-0.7997,-0.923,0.2712,-0.35,-0.4372,-4.702,1.875,1.5435,0.0209,0.0738,-0.0114,0.0844,0.535,0.8004,0.5084,-0.1205,0.3598,0.1364,3.1951,-1.0641,-0.253,-0.2926,0.0133,0.1051,-1.5063,1.1939,-0.2787,-0.4215,0.1596,-0.1683,-0.279,-0.2673,0.2989,0.6848,-0.0042,-0.065,-0.0593,0.1,0.1,0.1,0.1,0,0,0,0,0,0,0,0,0,0,1,1,1,1,1,1,1,1,1,1,1,1,1,1,1,1,1,1,1,1,-2,-1,1,2,-2,-1,1,2,-2,-1,1,2,-2,-1,1,2,-2,-1,1,2,-2,-1,1,2,-2,-1,1,2,-2,-1,1,2,-2,-1,1,2,-2,-1,1,2,-2,-1,1,2,-2,1,2,-2,-1,1,2,-2,-1,1,2,-2,-1,1,2,-2,-1,1,2,-2,-1,1,2,-2,-1,1,2,-2,-1,1,2,-2,-1,1,2,-17107.688244261
0.1607,3.2597,-0.7997,-0.923,0.2712,-0.35,-0.4372,-4.702,1.875,1.5435,0.0209,0.0738,-0.0114,0.0844,0.535,0.8004,0.5084,-0.1205,0.3598,0.1364,3.1951,-1.0641,-0.253,-0.2926,0.0133,0.1051,-1.5063,1.1939,-0.2787,-0.4215,0.1596,-0.1683,-0.279,-0.2673,0.2989,0.6848,-0.0042,-0.065,-0.0593,0.1,0.1,0.1,0.1,0,0,0,0,0,0,0,0,0,0,1,1,1,1,1,1,1,1,1,1,1,1,1,1,1,1,1,1,1,1,-2,-1,1,2,-2,-1,1,2,-2,-1,1,2,-2,-1,1,2,-2,-1,1,2,-2,-1,1,2,-2,-1,1,2,-2,-1,1,2,-2,-1,1,2,-2,-1,1,2,-2,-1,1,2,-2,1,2,-2,-1,1,2,-2,-1,1,2,-2,-1,1,2,-2,-1,1,2,-2,-1,1,2,-2,-1,1,2,-2,-1,1,2,-2,-1,1,2,-17107.688244261
0.161884694701806,3.25977306807674,-0.800955801180378,-0.922433540506288,0.266748510923982,-0.350966974766925,-0.437843887324259,-4.69900476764701,1.87308819266036,1.54319032942317,0.0201611119523644,0.0912793996848166,-0.00999891831874847,0.0826776236720383,0.537064311411232,0.80222255753316,0.508693087214231,-0.116009366272017,0.361353964102641,0.136735898948833,3.19133693875037,-1.06084784485251,-0.254587707083672,-0.294978720091656,-0.0210038467690349,0.115407441698387,-1.50828273337446,1.1943225759767,-0.276893583451211,-0.421781888060272,0.17827861719802,-0.167162418578938,-0.280054693711922,-0.268992352816462,0.299249129550159,0.690645783744007,-0.0104695005908608,-0.0671483167074621,-0.100247232628241,-0.0210328482557088,0.179983245814219,0.0729435017798096,0.089426217507571,-0.0444196222815663,0.026633299421519,-0.0363925471901894,-0.00614230521023274,-0.11012401082553,0.0737688853405416,-0.0195864180568606,-0.0126644154079258,-0.0352443486917764,0.0520183239132166,1.21795283537358,1.20545846782625,1.1964827417396,1.18920797738247,1.14864578843117,1.1499620906543,1.13948849518783,1.12999971513636,1.32715710694902,1.33168475492857,1.31524152727798,1.29362432542257,1.03355648950674,1.0467510195449,0.995842314092442,1.05837733042426,1.06989886751398,1.06522679468617,1.07354042609222,1.04645189037547,-1.9705670401454,-0.930611188756302,0.910228536464274,1.75696571054868,-1.99326262040995,-0.9359252222348,0.874273774912581,1.7749526926782,-1.96832233737223,-0.926314002368599,0.912638729438186,1.77327705128118,-1.98123840196058,-0.96468688477762,0.886136979330331,1.77920085075311,-1.99457310186699,-0.920289864530787,0.864551995415241,1.8019160120748,-1.98594241915271,-0.917393201030791,0.881124432431534,1.80741066974588,-1.9933292157948,-0.901672435225919,0.896250065648928,1.80538376839831,-1.98928604181856,-0.914422770962119,0.889705464011058,1.79122345102951,-1.99564166646451,-0.999426538124681,0.976780085125938,1.5806121674832,-2.00010986695997,-0.987997545395046,0.974140932317823,1.58573991898447,-2.00155845773406,-0.994654109468684,0.969557183794677,1.59703555796295,-1.99709197436459,0.92535516503267,1.65552397770807,-2.01995453494601,-0.924996570916846,0.83938752557151,1.75996762514114,-2.03723303088918,-0.863493221346289,0.862280965317041,1.82708251336589,-1.97791693895124,-0.833462765673175,0.888367828680202,1.86695089610294,-1.95415626908652,-0.883037857944146,0.899793183431029,1.82869736268185,-1.93467739550397,-0.815073696663603,0.923329224111512,1.90542429150082,-2.0050901202485,-0.827380425995216,0.892390664899722,1.88390803337097,-1.97128501418047,-0.915337370475754,0.940912460442632,1.81030463823117,-2.0370305031538,-0.837822973495349,0.938701122300699,1.87588857184164,-15813.3734981705
0.160764969166591,3.26016742480347,-0.801119451811964,-0.921452948212988,0.272523920220596,-0.350643741290462,-0.437797480380673,-4.69722971408194,1.87411392554424,1.54257619508129,0.019292516886702,0.0812260715655367,-0.00481041081433124,0.0820297751617969,0.537038167997146,0.80301732796403,0.508069489927867,-0.113478292297187,0.361629083650289,0.137115194322341,3.18998331236003,-1.06134592299495,-0.254592048611903,-0.289214206049074,-0.0181857894984386,0.112681324737825,-1.50759643879471,1.19781164952455,-0.273599685201035,-0.423105015321174,0.175898177149552,-0.16608991627149,-0.281734949345559,-0.271686415999131,0.311334046738225,0.672303284790511,0.0311493632542253,-0.146155934373996,0.0696789599958057,-0.0784227570353089,0.215908848253936,0.0590892361041634,0.0841232903621302,-0.0637664248397498,0.0368504523682048,-0.0524004307908618,-0.0121469650382417,-0.1608950209518,0.105237360393835,-0.0275487711438295,-0.0218012753871716,-0.0518164886886503,0.0776015862313136,1.32721378907813,1.30857625109743,1.29537484861674,1.28388647707248,1.22338989276783,1.22543365359519,1.20964875338515,1.19491377979858,1.4859528088292,1.49290147302658,1.46878674217883,1.43699269249242,1.04718594405336,1.06745021274885,0.990974724945737,1.08631876003247,1.10459089697997,1.0969897153514,1.10938743427287,1.06888597414143,-1.95524005079146,-0.893789290062154,0.859944617834537,1.63395364433307,-1.98988466558272,-0.902118200647721,0.80513978716015,1.66105719752781,-1.95161622996385,-0.887259853495436,0.8639358692808,1.658166991969,-1.97158637546082,-0.946079603562794,0.823349712882923,1.66722363355009,-1.99141707857199,-0.878332015935395,0.790833320023161,1.70004359831591,-1.97822339940212,-0.873937631321978,0.816265070707554,1.70837774308721,-1.98910605032851,-0.850192269716965,0.839300669256592,1.70526936471731,-1.98311405711621,-0.869379558354753,0.828985486194591,1.68378957459456,-1.99330220222575,-0.99908309024569,0.961981393944731,1.37200730272799,-2.00017583627172,-0.981504019611859,0.957885390794249,1.37987657846033,-2.00240688674804,-0.991757296773429,0.950307514474232,1.39722697362755,-1.99552437397416,0.881444909652735,1.48687666154959,-2.02995340746401,-0.885437972816415,0.751327867629034,1.63483470887227,-2.05473173662525,-0.793065866134969,0.787703063640578,1.73602842606155,-1.96348296406668,-0.746766487359379,0.828056099191921,1.79592049837626,-1.9286240179775,-0.821282115201498,0.844952436786395,1.73870370533908,-1.89758625586761,-0.71881429614776,0.88195248825246,1.8553954907864,-2.00449782599105,-0.738741137763921,0.834678129280821,1.82242849161095,-1.95528326147924,-0.871091298142327,0.907865718010105,1.71126244367409,-2.05286748445082,-0.755663663124181,0.905514860833418,1.81055255141369,-15593.8373315387
0.158966475501952,3.26079570317543,-0.800453168224213,-0.920810916339393,0.280738611322273,-0.349964240189055,-0.437345410340734,-4.69599482407768,1.87563038607197,1.54278075368886,0.0183320198841147,0.0673398350849966,-0.00598109555262881,0.0821955007237658,0.535991415729586,0.802980890043607,0.507236003246513,-0.112531972635845,0.361268421122004,0.137276560275437,3.19011356903909,-1.06358213827873,-0.253568345925193,-0.28289190513801,0.0023091554695626,0.103004360369614,-1.50649150019133,1.20116991902101,-0.272133955786111,-0.42391044190126,0.166643607691568,-0.166011785592191,-0.282388582724063,-0.271026874128826,0.308744841474757,0.670752509985744,0.0503021223748723,-0.114896369423022,0.0842757986457127,-0.0790181537459014,0.213397926806271,0.0579418686694609,0.083581679824629,-0.0620504089244926,0.0339324504868669,-0.0512928604564065,-0.0158322797136479,-0.159780817635482,0.101069861656802,-0.026115789396778,-0.0253947192569824,-0.0519835921436234,0.0790762971066827,1.3351671111156,1.31620446828607,1.30299627980007,1.29060331677572,1.22908882308983,1.23125280599772,1.21504486304676,1.19940009333967,1.49183928432559,1.49916858400989,1.47507619621264,1.44324643419778,1.04473803011023,1.06600553052477,0.987610433142885,1.0869441154686,1.10676199974808,1.09830795339604,1.11089023194338,1.06962640874712,-1.95350544410078,-0.888883177288597,0.850443653425473,1.62381779174005,-1.98964487816053,-0.897813390991979,0.793395421492816,1.65165108965898,-1.9495019586602,-0.882107240477606,0.8549703209698,1.64829174030964,-1.97061955844072,-0.943745709231327,0.81250654773642,1.65773668063361,-1.9907168242089,-0.873089827217292,0.779083685003423,1.68985581151324,-1.97693066356974,-0.86853561684838,0.805765060109769,1.69849434991068,-1.987848126827,-0.844048785699553,0.829722193946778,1.69524639908757,-1.98179718113879,-0.863756696859825,0.818589759394521,1.67299953693438,-1.99296307561332,-0.99899843629296,0.95710270830103,1.35885481208157,-2.00019298692967,-0.98051031142454,0.952773476318223,1.36707988414341,-2.00254317354474,-0.991308301113373,0.944180500428213,1.38534497664749,-1.99529047869636,0.870883364748998,1.47916901728309,-2.03068521743191,-0.880414195101878,0.736638519127411,1.62052716574997,-2.0547691961972,-0.785724921819048,0.776218488480189,1.72464128777491,-1.95878156912163,-0.736923441310753,0.818910666930694,1.78602182334579,-1.92398744463339,-0.813375924754401,0.835899401135104,1.72767345518495,-1.89017114461865,-0.707899146023875,0.875718416381282,1.8488950689423,-2.00107504083913,-0.729952162749473,0.826357578755982,1.81436729514086,-1.95236719370922,-0.865906442879048,0.901670765214754,1.69979382721182,-2.05111611953917,-0.748700410442567,0.900404583949117,1.80240493337391,-15546.1243728948
0.147068887828382,3.26503276969649,-0.795811363871889,-0.91675083171464,0.339351420806155,-0.346151707321797,-0.433924630244306,-4.68266573239828,1.88543655359153,1.54614680379842,0.0064308125661568,-0.021640092060825,-0.0287941239121432,0.0853142382911725,0.527375840549088,0.801362570968181,0.500875185438119,-0.115807532104019,0.358050328883872,0.137800372827531,3.18921562859092,-1.07915539016744,-0.248033016556278,-0.24367652243289,0.145128723425133,0.0460710204432436,-1.49948737359094,1.24015601150769,-0.273495702308841,-0.409515697791988,0.0651984407272553,-0.162239923944505,-0.290260971169216,-0.282045524497598,0.31567336262077,0.668807078315079,0.00631539516048986,-0.127835168870802,0.0767439194678305,-0.0629063502024892,0.173859366758315,0.0523013644099634,0.0809489665704003,-0.037863836792194,0.00214441248254614,-0.0344010640252939,-0.048825926181821,-0.129671312693004,0.0461136893010181,-0.00932882406030022,-0.0558219638047502,-0.0466338735583095,0.0821710172847872,1.3677436060133,1.34810904629821,1.33656741332078,1.31709720354222,1.25382081131432,1.25687033250452,1.23871860218653,1.21633212166888,1.48389910155972,1.49396091230011,1.4732384703348,1.44535445038513,1.0148467974218,1.04302757986255,0.956470567809705,1.08136550165359,1.11346937317373,1.09795080313456,1.11057763769455,1.06749090191281,-1.94281604428483,-0.856007464119344,0.778085295449143,1.57540891562583,-1.98867053272276,-0.86960132048985,0.706993494008308,1.60645391186638,-1.93565623856919,-0.847756554796841,0.787206451921218,1.59919806394225,-1.96513526466051,-0.928593102986525,0.732316635879505,1.61099052942378,-1.98511356228724,-0.839081805632878,0.694438626656656,1.63209697798999,-1.96740641190807,-0.833582972421966,0.72968765988116,1.64258643912148,-1.97720602225236,-0.805152681095931,0.759356399380396,1.63845547188059,-1.97138276926694,-0.827286153718587,0.741766056754374,1.61169235598561,-1.99060089037759,-0.998313907002336,0.914928188968917,1.31639007033155,-2.0003308313291,-0.973440599037185,0.908968406248873,1.32690415423426,-2.00353045242186,-0.988102304070138,0.891760058872133,1.35153633904527,-1.99364464718184,0.785916226404838,1.47254598746063,-2.03365654910899,-0.847522571635338,0.629019163725075,1.53189043956538,-2.04780896912204,-0.742913728236088,0.694418051132329,1.65057705588033,-1.91856050322905,-0.6762843116187,0.754096293221546,1.71827565528519,-1.88899545429666,-0.761403325274088,0.769706498935611,1.65677480967583,-1.83280886350942,-0.640656422554333,0.831645241531844,1.80583071681487,-1.96773554136776,-0.680451263504431,0.768638264309177,1.7607295712574,-1.93033005520642,-0.83342238920386,0.854444141159894,1.62846976334131,-2.02741415793199,-0.714429370655729,0.863980981034332,1.74959911205779,-15359.8674667085
0.178854313417176,3.22933814710685,-0.816026820738184,-0.937789952498536,0.300553843604905,-0.367285800312662,-0.470387230303969,-4.6223272600273,1.84335523130533,1.55187499096666,0.0374379921310257,0.266700477189713,-0.021825584745884,0.120294258127583,0.477580357222396,0.774898573395777,0.474448589686896,-0.254932959381656,0.323965452048372,0.142068145478219,3.17347542947036,-1.12349297073387,-0.271119930455407,-0.0836833010440498,0.62602329114288,0.18177607898409,-1.48204713783466,1.48234808163704,-0.250096901677305,-0.338561572114757,0.278009672591553,-0.101504772634312,-0.325071532395979,-0.361346977967068,0.351547025751156,0.668797513812408,-0.129123282604526,-0.0916034296399571,0.124448508309678,0.0910733350427123,-0.146041433830587,0.0145528528561956,0.0687144199475275,0.166918407815297,-0.246649430489148,0.107945868265335,-0.300626260838365,0.145254311675129,-0.413528583369542,0.128893090600526,-0.28870230384426,0.0162183963533491,0.0777290426395014,1.52679419984908,1.50736415012902,1.51464877287154,1.43959531107638,1.38044433902231,1.39107380883294,1.36134700958579,1.28652976161528,1.25162147109347,1.28213343559857,1.2982516123896,1.3181539203364,0.734225685758372,0.815533771630032,0.688152456876248,0.998497623850561,1.12740137049972,1.05610858838407,1.0637303588666,1.02065860763249,-1.86632032134057,-0.612502088666522,0.211744290096216,1.28794709396012,-1.98315241589827,-0.663500642105674,0.0439234718214575,1.33258825912289,-1.8334853321245,-0.594327338031762,0.258289473671634,1.29911844195687,-1.92820560031775,-0.819218851042549,0.116168003134261,1.3227999221331,-1.93889976876425,-0.592377043964513,0.0480362507127801,1.24105451409023,-1.89239524971674,-0.580521849805469,0.146944965647929,1.26578445996754,-1.88846648938291,-0.526913717825212,0.215917190142839,1.25617092099856,-1.88657282048979,-0.56246035447488,0.146860471310283,1.19724862883672,-1.97260297847326,-0.992896921316785,0.565304882341518,1.16506884782383,-2.00133898277382,-0.919152741762093,0.54770710472287,1.1913755745442,-2.01115414092021,-0.963580861644148,0.463916823592834,1.25999134090748,-1.98112288075043,0.122446636271143,1.55999139557396,-2.04633855216124,-0.606692840400295,-0.201818408440878,0.896642698329648,-1.96651623115993,-0.450908144671472,0.0693848485586591,1.10699337647186,-1.58528240242051,-0.247165703890165,0.258091990115142,1.20856277556141,-1.61215889773158,-0.380020398135691,0.256182268649593,1.14265654008788,-1.37901262260205,-0.163131754435375,0.494822294844132,1.4877733673906,-1.68065925015639,-0.348895089806099,0.333561404526531,1.3635859660379,-1.7556919728405,-0.602477208626084,0.479822315754472,1.12384493566151,-1.80708135442117,-0.507012923406232,0.584783929915817,1.36612442268878,-14457.6193688198
0.179389359249943,3.22809456368442,-0.818933526633668,-0.937133399081916,0.301106668588574,-0.369938931207052,-0.473633811877317,-4.61731504796643,1.84494308770095,1.55060538757895,0.0359756592960892,0.229767245841286,-0.00694620158480668,0.119049506986117,0.478852865387011,0.771659323841625,0.477490746336568,-0.259396322937719,0.321877607541649,0.144151184436942,3.17756112567754,-1.11902660653543,-0.274065248252735,-0.0889068552739693,0.607964587924906,0.201768258763012,-1.48165496225336,1.50687767167343,-0.247972538980451,-0.330852334981508,0.307270022140627,-0.0970919854332176,-0.327843804936251,-0.363876404605447,0.354976175980997,0.670068425760714,-0.127308245481801,-0.0923969546208256,0.122355769668192,0.100760319971065,-0.172843049884364,0.0106127047348658,0.0687021994295574,0.183875167222922,-0.268507046678908,0.119730842391079,-0.323428057963717,0.168008688398245,-0.455752349233906,0.141814459624193,-0.311330238701952,0.0220802215281991,0.0775817486193927,1.53925918120531,1.51991749608087,1.52932103919023,1.44856471393446,1.39009057920782,1.40164945902933,1.37080643967716,1.29069415389821,1.22338494235923,1.25585416466417,1.27599068346163,1.30198174979243,0.702313677094703,0.78912981515714,0.658955155328336,0.98805210635426,1.12652802478283,1.04977211684209,1.05665464237441,1.01420786731502,-1.85865963319269,-0.588275336717582,0.154508649005967,1.26122170175704,-1.98256761104158,-0.64325379622497,-0.0222663364117,1.30641744794954,-1.82317619085991,-0.569291039767152,0.204976702237019,1.27113147424691,-1.92463410345408,-0.808884558263549,0.0550603634479111,1.29515943853685,-1.93391089032379,-0.568288594249222,-0.0166352329721236,1.2028049285732,-1.8845482903804,-0.55597324075012,0.0886876981978287,1.22916027637363,-1.87899527807604,-0.500024066062074,0.161278334303114,1.21912452120781,-1.87753887097414,-0.536582250675952,0.086924553791478,1.15685424932154,-1.97075160835213,-0.992373447320854,0.529251103103341,1.15284745693331,-2.00142199735119,-0.913595549950078,0.510519762197008,1.18067610854526,-2.0119331131798,-0.961121808269867,0.420410715168804,1.25315321364881,-1.97986598446684,0.0566597880955379,1.56853633525288,-2.04690984493646,-0.582759649445681,-0.285657361659913,0.833058696174423,-1.95687970730526,-0.423354271776126,0.00669339122756481,1.05225065499522,-1.55036285227598,-0.205723822120023,0.208110407335077,1.15694888791238,-1.58336506935878,-0.342498182743586,0.204140769530973,1.09175827149215,-1.33285309782623,-0.116083660627499,0.460713320334312,1.45586022259654,-1.65043604961913,-0.317489346286032,0.290335686969018,1.32373487310959,-1.73747261117889,-0.580344739615596,0.441169366165767,1.07504897869993,-1.78359672621327,-0.488171079806707,0.556511097641911,1.32839953084585,-14310.7398254618
0.182021397698294,3.22592358755321,-0.821729910946861,-0.937942053243766,0.295517209074708,-0.374301081479974,-0.477588849826962,-4.60506878784647,1.84247759380854,1.55256837186491,0.0329420019806336,0.233162978601061,-0.0160190901433668,0.109079403151346,0.48820832019607,0.768061802086883,0.48769303494057,-0.240090621509706,0.32194736804202,0.149014984232074,3.19178957188555,-1.10673537886827,-0.273154592808915,-0.111931271560525,0.538383991731595,0.187311938744324,-1.47889477545273,1.54361300415782,-0.247564949655454,-0.318440850024932,0.283395611851411,-0.095506825381014,-0.334421628256562,-0.357207188013828,0.359156335321562,0.671054225791009,-0.112976229283857,-0.0886553715135496,0.123043296296782,0.1062446515753,-0.203338493680976,0.0053885738579192,0.0697515157953579,0.20122463354399,-0.294533413773662,0.131882261343714,-0.351316531217226,0.19155448449548,-0.507920569436276,0.15816488570914,-0.341258880490128,0.0285131693267981,0.0786033586455034,1.55241722422211,1.53321671679553,1.54558129396371,1.4571420589868,1.39972533526584,1.41270971031545,1.38046512368965,1.29344839554062,1.18277957509646,1.21769491021019,1.24330045418373,1.27879338675527,0.656210864178857,0.750342105432843,0.618100471744762,0.972158164775869,1.12294402398784,1.03927162267852,1.04498847080457,1.00392985789971,-1.8485878686517,-0.556866203620923,0.0793327668302035,1.2277465661357,-1.98174589530838,-0.617461719408648,-0.108322917835972,1.27293094785595,-1.80956826082279,-0.537192928801739,0.1353099121228,1.23611935419043,-1.92005289459677,-0.796547452739879,-0.0235960909446023,1.25968232545659,-1.92697969123774,-0.537867402361984,-0.100662399188188,1.15335274735848,-1.87389935955554,-0.525308796764856,0.0132477507489132,1.18206388979602,-1.86598072824299,-0.466458946233638,0.0902366370859377,1.17158297339077,-1.86510576389185,-0.503901934353018,0.00875122377127024,1.10474596687129,-1.96826009921339,-0.991730886686486,0.481325811278694,1.13722836661796,-2.00150629536405,-0.906175167438144,0.461086122614329,1.16705471085797,-2.01297074191949,-0.957931713451906,0.363046790626599,1.24411515187891,-1.97823122918487,-0.0291108253163754,1.57749094436786,-2.04686072152358,-0.551815041471996,-0.395495444540453,0.749660294044894,-1.94271819558945,-0.390297002021324,-0.0739975762577619,0.980041476452874,-1.50316725900104,-0.154657138070694,0.143957570717174,1.08874009912916,-1.54447989274278,-0.295080081724155,0.136434771403803,1.02571431683162,-1.27205139594272,-0.0555745818068194,0.416117435750506,1.41389459519546,-1.60958735791538,-0.279043353242672,0.235172531715454,1.27141633649149,-1.71280147251941,-0.552978570235247,0.389764553207847,1.01319099719555,-1.75173889040574,-0.465614377364145,0.519449989762071,1.27983434852988,-14117.1191407247
0.164980684719894,3.22545482502902,-0.810364738596047,-0.943071766730347,0.418720464294048,-0.367238638399394,-0.470975085910143,-4.56643338296112,1.84478037622225,1.56555259401319,0.0445662969034206,0.248996778477182,-0.0866531162763608,0.106048649091202,0.492846795225118,0.770274367499622,0.488765151040828,-0.249075581978782,0.320917808282263,0.156246795615538,3.19283885219909,-1.09917656031408,-0.275866950879257,-0.116108616645318,0.465076748187126,0.178170126563164,-1.46913524198506,1.54500553136184,-0.249849930228917,-0.327535733545789,0.315320376184202,-0.105874243274858,-0.332965273386964,-0.364362216622595,0.358846883447348,0.671610537764897,-0.16101720237923,-0.0596122377831775,0.151401951118268,0.0776605091518092,-0.219532594061269,0.000779390744120488,0.0763002238249387,0.190502926856631,-0.310302825015414,0.125485227301036,-0.371068108320245,0.185389262012617,-0.552742717468046,0.17352821385295,-0.377797431153727,0.0233527309175318,0.0864041731442443,1.55282785532361,1.53361578508024,1.54869850125671,1.45253752493756,1.39605486916698,1.41153591914895,1.37848509814496,1.2861371888275,1.14226397887038,1.17869397402964,1.20882638218037,1.26012543369603,0.593535116273401,0.693310845939007,0.568454636556653,0.947787300120632,1.10806852040977,1.02037653670402,1.02420942996901,0.986963737205231,-1.83906581804417,-0.532778993783695,0.0157129111402703,1.2010435008733,-1.98042690922568,-0.602645386366832,-0.175770105200129,1.2439009608104,-1.79679210047896,-0.516509122290699,0.080624347658692,1.20945461214355,-1.91608344710346,-0.797555830984889,-0.0786373049939599,1.22844027694583,-1.91885976718057,-0.523873966180164,-0.162765935463339,1.11100547762369,-1.86266636615247,-0.514188526817947,-0.0393415710484803,1.14293797789087,-1.85177088788436,-0.453279769177196,0.0398439514534946,1.13225033377585,-1.85111800425586,-0.488734832881941,-0.0491220429537044,1.06026620800965,-1.96561905364037,-0.991588168836607,0.437867060070659,1.10439493064351,-2.00142147054481,-0.89885791096924,0.41581863002892,1.1364176302088,-2.01397348052193,-0.955651995980511,0.312227055464321,1.21632403180978,-1.97699995500449,-0.105083233084943,1.55921893654256,-2.04241729574309,-0.534572604214299,-0.480357091899635,0.675981911718057,-1.92325424576895,-0.397584658754416,-0.113703632892841,0.913579944608069,-1.45667825930713,-0.153169481892054,0.12260591298089,1.02680085861469,-1.50468063259069,-0.277061181636699,0.0956237486764144,0.970926143241254,-1.22070252346146,-0.0136267604862751,0.384837151479223,1.37555326175854,-1.57061501371051,-0.269207877720478,0.207538747059196,1.2250812406447,-1.68717581004502,-0.542717861229518,0.346912104951013,0.969795100157586,-1.72224131262028,-0.457169819328981,0.49046632369024,1.24243073507005,-14011.8446590318
0.165938591422117,3.22377781346122,-0.811041532137457,-0.944880163731868,0.421840435204777,-0.368519404646509,-0.469427268901887,-4.55602834070606,1.84635754779904,1.5656551539296,0.0378411024405628,0.250377534578797,-0.0783803328679823,0.106641305295185,0.492470053458391,0.771648559065052,0.487178646667539,-0.254146079503387,0.320641068613182,0.157996067101016,3.19051223238732,-1.09931685429298,-0.276610235675428,-0.111554388890779,0.455878074070589,0.174211097199311,-1.46622738201869,1.54322087188473,-0.250918068751016,-0.330573334333348,0.313710444312978,-0.109904084314221,-0.332821944549855,-0.366122494928634,0.358301862310657,0.671712986532165,-0.174298777216757,-0.0522456098537027,0.157729627447456,0.0674955993271525,-0.222512214319435,-3.19427985640654e-05,0.078373031259353,0.184511876723272,-0.312746387948364,0.121717889817491,-0.374365058162002,0.18051711478736,-0.562471916165641,0.176616508892869,-0.386431581218342,0.0206473199366724,0.0886819534907797,1.55127099150515,1.53201381367306,1.5475986022664,1.44986010488401,1.39352417150073,1.40967381536723,1.37653227465162,1.28331174785533,1.13417023161657,1.17079984848366,1.20168248743157,1.25704495078359,0.578248223407967,0.678864789430595,0.556852106885174,0.941545864407346,1.1033716512917,1.01528769249707,1.01865662171299,0.98256233920199,-1.83713649732682,-0.528897504373397,0.00432060225138127,1.19635427974558,-1.98005819136883,-0.60128980534132,-0.186896972824815,1.23845453647255,-1.79424606732607,-0.513982265050353,0.0716257465598675,1.20502825172235,-1.91533563239581,-0.79979052324182,-0.0865026464699497,1.22252179558052,-1.91701980176884,-0.5235491390318,-0.172227521512547,1.10323300701482,-1.8602804074115,-0.514879018917899,-0.0467355512762232,1.13596452856809,-1.84869344400339,-0.4536469659568,0.0325859192447131,1.12525415648743,-1.8480177737824,-0.488311298635001,-0.0579487095455991,1.05212115125221,-1.96504549243401,-0.991638969834124,0.429465926182377,1.09471185737463,-2.00137805348938,-0.897353504729936,0.407002534849087,1.12720616363036,-2.0141766203075,-0.955324998009894,0.302597935301199,1.20749069064126,-1.97680800317705,-0.119543376103852,1.55131282267658,-2.04085125369118,-0.53410098145467,-0.493125755092816,0.662189831657096,-1.91855215630071,-0.404948666063818,-0.115980167694339,0.900821722298279,-1.44740322636607,-0.159895503234522,0.124248481574517,1.01514465676826,-1.49640651561111,-0.277794185045487,0.0913135995308327,0.961287423877049,-1.21157702007617,-0.00774663293123571,0.38048640132397,1.36813086440408,-1.56303094747534,-0.271235217736241,0.205856682213742,1.21644509453491,-1.68178721817221,-0.543117817390882,0.33948808146423,0.963376886008104,-1.71666041928927,-0.45734613625626,0.485701398963684,1.23630132412327,-13988.392312
0.171629831251344,3.2273943477788,-0.817330455190339,-0.9498715919006,0.395530130929612,-0.384276943833559,-0.459238486840251,-4.43840545345417,1.86077273505337,1.57666170786597,-0.0111151987430414,0.241097316049829,-0.116349134374097,0.119474488525618,0.477985454782777,0.782815970516016,0.465229969349449,-0.300607028542921,0.319959605186094,0.172239477787053,3.15662602106591,-1.11039987630572,-0.284228773219252,-0.0560894051062576,0.423125902065497,0.148555193782407,-1.45853846169912,1.55067166363592,-0.243135297540528,-0.347558764557041,0.329815754457411,-0.141518464944264,-0.332979011794593,-0.367530735689267,0.360499043274439,0.680275878354842,-0.143999264858733,-0.0664351720656567,0.146546424664659,-0.0246993943562132,-0.251286325546842,-0.00630455294664023,0.0983930030505409,0.126804486730884,-0.33320587109391,0.0857660799836052,-0.401045788089109,0.139259463508041,-0.65601779910294,0.205691771786953,-0.470035531097069,-0.00484065536678329,0.110473721339199,1.53386551993451,1.51398389476961,1.53393647712317,1.42234201409262,1.36689329640885,1.38946029112105,1.35560474499728,1.25548712195793,1.06210986449046,1.1004149072482,1.13701865442684,1.22864790815752,0.433650210438607,0.540852202858913,0.447578431158225,0.881488479165859,1.0559584952286,0.966048426687708,0.965869555394501,0.941267088293824,-1.81958490610962,-0.498719357395623,-0.0900140247601558,1.15590838565898,-1.97622601184234,-0.596472086901937,-0.274978088047145,1.19111460306858,-1.77173340009565,-0.498294875508275,0.000637450850122956,1.16820835586511,-1.90900364026357,-0.82651040766764,-0.145022545966567,1.17142122943783,-1.90023648535218,-0.530927755913372,-0.243654603099767,1.03761916742835,-1.83923963773384,-0.531358138154307,-0.100847126599359,1.07814326942963,-1.82141662280346,-0.467373345423983,-0.0213211634762889,1.06716093367775,-1.82002604920193,-0.494730880279534,-0.125054939150907,0.983529494071956,-1.95975294582893,-0.992485228775351,0.355010531075981,0.997137616149611,-2.00087327711515,-0.883845258640174,0.328886112017537,1.03342507693482,-2.01598971690423,-0.953085827716503,0.218615922907085,1.11640812703733,-1.97537671162511,-0.245388718150751,1.46671084094983,-2.02449381158119,-0.5835434575131,-0.548196232506732,0.545272246282447,-1.87616309364395,-0.47858274344688,-0.130347643894624,0.794711838862836,-1.37109785648656,-0.224516069546868,0.139253618893118,0.921259586211619,-1.42458543795384,-0.29632921850948,0.0638626393946137,0.883051003525231,-1.13680291618642,0.0348933197254348,0.350110934375793,1.30360824900647,-1.50047079101262,-0.296140793184647,0.198991531491067,1.14491009834565,-1.63460580844911,-0.554015098570171,0.280310432027637,0.912126097868593,-1.67088747460594,-0.462766421883933,0.447228789140058,1.18665865761346,-13817.2270107129
0.160719944007735,3.23908470812451,-0.798708446390378,-0.974417891070033,0.435121911927018,-0.397576529917452,-0.423806739824167,-4.22290589509203,1.88899167637953,1.57755158448889,0.107982398465635,0.260529560141787,-0.0278050334467671,0.14349191488053,0.444787903271772,0.793002208188931,0.42824402362091,-0.335651700778958,0.329052261080628,0.191448504080887,3.09443906677556,-1.13273138295465,-0.293533967795067,-0.000628560324274989,0.382607232563059,0.105525530076912,-1.45145257647191,1.57783496168487,-0.234013214969984,-0.35854047769899,0.327481086995426,-0.179864782914278,-0.350885415411796,-0.349648408033381,0.365404153312393,0.697317578354839,-0.0563812652959985,-0.113555543422714,0.104095276874165,-0.158547910204602,-0.311811589900383,-0.0136085025640122,0.130193708221198,0.0422150387575501,-0.373144717725485,0.0347850375085505,-0.447728794393283,0.0960865499982631,-0.829674322856355,0.257945792705963,-0.614838547494854,-0.0401074919630435,0.140856898749409,1.50571296943835,1.4841478090144,1.51204893076229,1.37764798897422,1.32326323606315,1.35674896900198,1.32135767497604,1.21068545636211,0.940235515133368,0.98185330115256,1.02625290193607,1.17310287964073,0.187751109171338,0.303614547335564,0.258251316608474,0.776968283678683,0.971521011228915,0.881637564283686,0.877349164618379,0.872946058886042,-1.78927802128092,-0.455360256011549,-0.236077633787757,1.08735483567348,-1.96902373418461,-0.599680760930906,-0.406099991684074,1.11238762241618,-1.73456341735834,-0.481212614105507,-0.104905838085335,1.1078208192034,-1.89923176145358,-0.877150825193918,-0.231595679110003,1.08789980985771,-1.8726290545585,-0.55618771411099,-0.346632855395678,0.933276132722271,-1.80577113389132,-0.568288307605419,-0.179746275068732,0.987777854118024,-1.77791059763416,-0.499430567944324,-0.100698203552279,0.976000012269782,-1.77427292510332,-0.517074217120272,-0.223443360793156,0.874854255782124,-1.95061362568777,-0.994565748378077,0.228029154822248,0.821012617072166,-1.99985967200912,-0.861086435094052,0.196316409057117,0.86214260552813,-2.01903715922234,-0.950488415613925,0.0783342634762383,0.948834026511513,-1.97345956387805,-0.453398526652251,1.31050379114832,-1.99586688425747,-0.713549049951034,-0.591699331355683,0.365589036258277,-1.80948812063411,-0.586231381508277,-0.174563232504022,0.635477266012342,-1.26211855996582,-0.304250511913571,0.131235676765307,0.788136876455908,-1.31244735423785,-0.329826927529166,0.0206527400640709,0.764959258441296,-1.0228118841406,0.0952525183721763,0.310679947145252,1.19818960988373,-1.40938980133195,-0.329427838155642,0.183932832352559,1.03626817945426,-1.56009013444784,-0.576214008140784,0.192429340090187,0.82826398476484,-1.60389578769805,-0.469969452819946,0.387023593295778,1.10834563205292,-13591.7123754585
0.157671971297743,3.23697748874189,-0.792713113895757,-0.986378009414422,0.420068160050379,-0.401903039952686,-0.409384992995524,-4.13736840699247,1.90143515065524,1.5795773865869,0.114274701118436,0.252337807602163,-0.0385282497277479,0.157544828633695,0.422323131756187,0.786475403274632,0.414332885000591,-0.312353073388254,0.342907699045141,0.192867042959163,3.06489681233147,-1.14299299487666,-0.297574226785934,-0.0247525173259176,0.368980634258352,0.127941898375913,-1.44485277440988,1.58069227623839,-0.246655403544656,-0.353860653774199,0.323428576744621,-0.18185943731141,-0.370453986734367,-0.330024570980213,0.36408788138724,0.703075030506557,-0.0801863015179816,-0.0971854879042972,0.11909247576577,-0.182153365665511,-0.346143833393053,-0.0122373842894123,0.14092522838063,0.0281079139768203,-0.394564749347119,0.0291121835482743,-0.466462732973109,0.113479521192228,-0.913954901384311,0.281308126381058,-0.677045573300155,-0.04327579273736,0.14708049372968,1.49762669598082,1.47472327709164,1.50707199624744,1.3640837901454,1.30993315059047,1.34746767535489,1.31104961432636,1.19751360950798,0.890100272772186,0.933749560591658,0.979105751828497,1.13970257068697,0.0952388095062252,0.210710553834886,0.182196073471188,0.733620419625563,0.934896789276689,0.848942775353447,0.844924584641343,0.849617325998188,-1.77654969622324,-0.450126206894816,-0.275533234241403,1.05912885846239,-1.96545866544801,-0.616909803007727,-0.435126178955751,1.08227481954958,-1.72114630862203,-0.485829213384612,-0.12951404564612,1.08514133627047,-1.89667656217389,-0.901866083024978,-0.2538798810616,1.0577903404667,-1.8630974968245,-0.58093125788809,-0.367008544913481,0.899573337376336,-1.79555321115449,-0.590967422551082,-0.198660647069961,0.960277794372031,-1.76451766648724,-0.519883034864823,-0.120369504921707,0.947753911876129,-1.75871800106777,-0.538249275870749,-0.245672940235054,0.84020865205536,-1.94676689012421,-0.996196602216567,0.175603348746532,0.739705762252064,-1.99927154950766,-0.852175615992331,0.142547756390424,0.780693007865633,-2.02022733996289,-0.950962224836311,0.0241955589111536,0.867783021281888,-1.97334298746408,-0.530786912800476,1.23488904378163,-1.98509435695375,-0.784265873484016,-0.58982999655222,0.321452002361038,-1.79095674921129,-0.604929116405848,-0.218635491860526,0.598420630908987,-1.2455236185971,-0.297743817006344,0.0878408858941402,0.767638328054379,-1.28114356455676,-0.340074495953471,0.00314950455654062,0.734875972793576,-0.99247774029319,0.104493228676914,0.310587408868549,1.16117912049939,-1.39213979626013,-0.327693327630497,0.17013676041223,1.00833962689819,-1.53805159834846,-0.58667432226296,0.171239057529207,0.796814451986251,-1.59040001306509,-0.468567072228464,0.368428929135469,1.08312548973898,-13497.2187464233
0.152980677674927,3.19314030237396,-0.772705217256427,-1.05691820273154,0.401314714385728,-0.414346837689118,-0.343023612660735,-3.79115935911327,1.95632860858736,1.58229629359489,0.0383104731929663,0.239164457284498,-0.0238031885093187,0.190749295178904,0.347747386764739,0.76653219127566,0.368853835848153,-0.139648540160142,0.406299750658147,0.202997763027994,2.95971710767607,-1.18934079530532,-0.287693186421981,-0.108690949584574,0.324742640525039,-0.0129589449400836,-1.42754939761492,1.58158421450059,-0.296692269218446,-0.333286128218806,0.464647227696429,-0.18638080921695,-0.448695467788478,-0.252824325884641,0.360422743757838,0.734254776103896,-0.150564101197222,-0.0757344609161832,0.15261071958854,-0.263390924530035,-0.502570636632429,-0.0015916290771651,0.176908212900571,-0.0174673103118699,-0.490373358899421,0.015837157840437,-0.544939639202293,0.204484962252864,-1.27918800185487,0.373626198201852,-0.926616545638721,-0.0480224001955857,0.165914192941345,1.47082427827156,1.4415993861724,1.49501277007561,1.3165257921249,1.2673634965152,1.32005795060902,1.2792782260528,1.1543409931453,0.672829564603735,0.72524033072784,0.772223618019766,0.9808239709726,-0.251704803538457,-0.147793382299877,-0.114081540435732,0.562831405500362,0.788477048019696,0.724902837412961,0.720780890966757,0.767159303811179,-1.72498575450166,-0.455258738646737,-0.402910076366496,0.94358932130419,-1.95152766203286,-0.701332352017873,-0.532754582153034,0.961986258881781,-1.66983576938769,-0.514351277593083,-0.213801310567815,0.994423595164807,-1.8889803242587,-1.00082127655541,-0.338904727780386,0.938795455711512,-1.82914765736354,-0.681747416638849,-0.443480659196133,0.773005935074787,-1.76035139267909,-0.680637740670693,-0.271759073217975,0.857565302185778,-1.71774529613835,-0.600199292896068,-0.196230039338153,0.841625603465408,-1.70206498561441,-0.625469045091874,-0.329100614149647,0.710117423298319,-1.93080614459493,-1.00410517158425,-0.0444485577831125,0.400576534646666,-1.9966077349866,-0.816137399617853,-0.0812994039338357,0.43837424465665,-2.0250806953348,-0.955205078929191,-0.19704043652438,0.524865887003929,-1.97388980420253,-0.841346072566886,0.911244506856058,-1.94925803844316,-1.04535697270538,-0.615892366349575,0.185686512362902,-1.72661506248888,-0.661522921330126,-0.399087761714288,0.461449576446046,-1.19705440377653,-0.259928941768873,-0.0788441397946959,0.689155306703173,-1.17295754919586,-0.369294407037552,-0.0700895412002549,0.625317844720032,-0.887008386798973,0.136038513585644,0.316766546038508,1.02039005530631,-1.33930089616862,-0.30879372311383,0.109692453728329,0.90695884042332,-1.46062698857632,-0.622163674171077,0.0915271119048602,0.67371529220454,-1.54955959042119,-0.458643492492893,0.298893461128619,0.986458514923359,-13212.3089112862
0.147250530989295,3.15237458677479,-0.762096468066484,-1.10418841459056,0.440744321814312,-0.410476287212538,-0.299781772067282,-3.5991479196223,1.98796423513827,1.58187428604456,-0.04138227310488,0.252763412215372,-0.000989837037834517,0.211262641883078,0.314252740142459,0.762573959075909,0.344232290200705,-0.119026807498108,0.430515050304868,0.205263300308819,2.90453294288609,-1.21086592824663,-0.293938284088715,-0.102379213199555,0.27280615324919,-0.00303035330119814,-1.41933053472809,1.58955190415362,-0.322733406593541,-0.317089151246601,0.473464760723957,-0.196276480917363,-0.504204655115154,-0.204047668211809,0.359179062734959,0.75385237288389,-0.130162956375224,-0.0799689285637079,0.150679414178482,-0.298774481488852,-0.604186164129363,0.0085268320633724,0.185468820338054,-0.0331298315504897,-0.550674527772665,0.0148335016306701,-0.588977444601296,0.261694847953251,-1.48893377483046,0.415982473370912,-1.04372115853755,-0.0437190407452813,0.168075088659345,1.46595423202471,1.43266469625248,1.49912408392398,1.30188936719428,1.262146815591,1.32045147096185,1.27747647224935,1.14615718837701,0.544288829115311,0.601107520093734,0.646513373114573,0.871927645123698,-0.385677766911837,-0.299003761433087,-0.242945278305861,0.486326908079266,0.71997299094004,0.67487898691688,0.66795907567565,0.741920369584573,-1.69993140533219,-0.512744576428926,-0.405265286596879,0.8840347342545,-1.94597167637089,-0.753939277751394,-0.56600958321859,0.903091275099741,-1.64817408149063,-0.536596101641861,-0.242082275174705,0.949276418881447,-1.88848036488158,-1.04523233556712,-0.379589693219592,0.881175398382525,-1.81888039780655,-0.724165449584392,-0.483309118043308,0.719912275703332,-1.75078518169766,-0.716880240060112,-0.309358404434828,0.813970831579614,-1.70407613068101,-0.631364788313554,-0.234353292382475,0.796034772342034,-1.68255708746474,-0.663277432002826,-0.369743505785599,0.655240552465539,-1.92241392801311,-1.00968314187454,-0.164924160988928,0.221428765261647,-1.99491230257746,-0.798303333449792,-0.20141787098187,0.25439397065203,-2.02755488620512,-0.960295606679993,-0.310403457104189,0.337463602108917,-1.97552461607033,-0.993357292043876,0.727511914397686,-1.9450956936812,-1.12718457408801,-0.685547592932205,0.165794175730671,-1.70787028776407,-0.676519651101744,-0.474375705057752,0.401172258981265,-1.18706715139302,-0.255913474071879,-0.117484992327394,0.643768014339979,-1.14073273588339,-0.367283703766624,-0.108394036317432,0.579344453935986,-0.853087244469139,0.151919273992451,0.319481101575064,0.962478295945863,-1.32827313725213,-0.290702628207307,0.0782634226049572,0.865183157841035,-1.43640606478801,-0.628246399512375,0.0538246247255086,0.617603458737565,-1.5434529793972,-0.449624045817458,0.270453172154913,0.943314817224863,-13041.2193720867
0.106460435860875,3.04455283863348,-0.720505461626734,-1.23612036876162,0.417262432902835,-0.386213439466236,-0.157605922445127,-2.96104894134958,2.09234253660777,1.56906796302189,-0.0959536535274335,0.232505106990646,-0.0157210081837904,0.285446029888804,0.213679797015212,0.753371428270787,0.262136141834132,-0.145029449511152,0.511864654852425,0.207965264199952,2.69400327463297,-1.28724504085825,-0.307621392362015,-0.136599604685793,0.0769982614404945,-0.0749484857681121,-1.38352464586283,1.58655613011243,-0.412534689890612,-0.280224287429906,0.526121633080945,-0.244186744567909,-0.686798984817337,-0.082486977969426,0.353284109524745,0.817471015181395,-0.123143717942138,-0.0648342057617682,0.173128869848431,-0.408194371094621,-0.980890695417475,0.0451504807040702,0.203100600087333,-0.0730902589176444,-0.770344182909656,0.0157018848307565,-0.740088950074416,0.475489854503558,-2.22859838759366,0.55571708394332,-1.42286855534515,-0.0245728470765852,0.165536934795484,1.46971652770387,1.42341227182067,1.53061576525476,1.27118082263457,1.27405711461539,1.34769641427393,1.29780119204323,1.14481448354463,0.0755654854608431,0.145872361386317,0.180440032770954,0.450403780658431,-0.777889655976486,-0.754186776300184,-0.638214355589593,0.252244859053627,0.509152266420698,0.530594852055365,0.508150963328522,0.681768372285201,-1.62269131519071,-0.63312178193513,-0.474169721090927,0.683750749832708,-1.93221183187078,-0.925855793283152,-0.671179289910744,0.706665616044314,-1.58370628918894,-0.61512550991341,-0.321764122594574,0.795809593157869,-1.89256539243978,-1.18218037663858,-0.513608355731855,0.687955191143695,-1.79649454298777,-0.849456109980849,-0.618857233106559,0.554482264587501,-1.73199562373031,-0.821278620588694,-0.43558358954059,0.675893423679901,-1.67452376454008,-0.718449983602339,-0.360231467194228,0.651067386373271,-1.63339523329201,-0.77478379490565,-0.503720965607969,0.483390896843483,-1.89388105331295,-1.03155849743922,-0.586242156231773,-0.393454609683789,-1.98863513213416,-0.739950447109973,-0.617175915602408,-0.383006896692816,-2.03588452847086,-0.983851254713528,-0.692041125243532,-0.317482421669082,-1.98408049271936,-1.49265119243347,0.0680415977519575,-1.95879632788905,-1.32495873719612,-0.967227867777775,0.130055310076073,-1.66985714681953,-0.733794902106705,-0.673410395267821,0.217275004218966,-1.17589761243914,-0.303031906949225,-0.151419997252419,0.500623560718366,-1.06313073329123,-0.35143189376717,-0.221049784777545,0.432593517421175,-0.76646410623463,0.205293163982589,0.322472371640477,0.793614253015047,-1.30964132655254,-0.232534134171664,-0.0147324078541508,0.734474078744019,-1.37688097600827,-0.633723614819233,-0.0665336819602151,0.437385439631133,-1.54380138342701,-0.416873407172071,0.18676708163612,0.807511678640831,-12499.2799104646
0.100201016069087,3.0274690239393,-0.717593752855769,-1.24953036033004,0.410996665394609,-0.378739561898719,-0.146044522702876,-2.88842794889504,2.10359930787848,1.56618936867498,-0.0950472249170895,0.227333598071751,-0.0206774981055544,0.287771783989019,0.204272742320636,0.754987952619297,0.253887220991278,-0.112152229195149,0.525026992808469,0.207487464973701,2.67267551682283,-1.2960754618751,-0.308934528914274,-0.105838263585833,0.0479315407730303,-0.0721929451004722,-1.37885445085985,1.58489376028434,-0.421400778007143,-0.278391734520763,0.532441991087973,-0.249077663416971,-0.706320336230353,-0.072626163505894,0.352595823122794,0.824268246152437,-0.125860411766622,-0.062341068415348,0.176426459011762,-0.420669596097727,-1.0325016312816,0.0495523459356303,0.204271373896689,-0.0763817320705688,-0.800248121773537,0.0155993823753306,-0.760164977933856,0.502972795278434,-2.31769514352506,0.572766896283371,-1.46717043714054,-0.0223265466487271,0.165788238582838,1.47320616093967,1.42562848305914,1.53659385304327,1.2703701800295,1.27815880091722,1.35381502885695,1.30234311178992,1.14702184695554,0.0175053570730247,0.0894560184133188,0.121770026570257,0.394622161169017,-0.823002036931374,-0.807006727331162,-0.68523404833381,0.226573474815531,0.485203080253529,0.51485472170836,0.490204192123614,0.674848100017543,-1.61406807853381,-0.645901675193057,-0.483717925012575,0.657639371520511,-1.9313713918406,-0.944483717718949,-0.685862409581571,0.681137508906816,-1.57663259364979,-0.623324764662215,-0.331971658947209,0.775275576290954,-1.89374879225822,-1.19731046477792,-0.530845501857677,0.662632462676463,-1.79507314225155,-0.862867059019464,-0.636307482007996,0.533712972470961,-1.73096136571829,-0.831939536848919,-0.451787967905227,0.658232427928645,-1.67239947827097,-0.727084900499404,-0.37590431668088,0.63253904183628,-1.62915850816958,-0.78617320767519,-0.520538357616864,0.461808476510106,-1.89028493577563,-1.03515821476912,-0.645055993198954,-0.463934416609493,-1.98775576408039,-0.733954326970012,-0.6732432162312,-0.458050211790161,-2.03694341290113,-0.989084675278201,-0.740733079395605,-0.396436109262568,-1.98610912198608,-1.55301831154543,-0.0169841190406937,-1.96405365269673,-1.34563749700225,-0.999845235472891,0.120904719744873,-1.66874397051193,-0.759996403463489,-0.676654031415697,0.196517409651936,-1.17821880898183,-0.301165003919128,-0.16325081864562,0.487772457997683,-1.05508119123603,-0.355126781099055,-0.227646249581681,0.414099362410611,-0.756979041960145,0.210677020996989,0.321753897770391,0.776241072503262,-1.30810713249912,-0.229199388593214,-0.0217743123003177,0.71814887235409,-1.37080051458884,-0.633867461807373,-0.0806326155296165,0.414960840965904,-1.54526959141385,-0.412832542246083,0.177233732665568,0.790869534194246,-12433.6670618676
0.094223328653612,2.98762046133565,-0.730652601335187,-1.25162880489329,0.41523059344142,-0.355578644730971,-0.163991377654909,-2.84549085399636,2.10524924190647,1.55981016498491,-0.102679472631083,0.226159757957247,-0.0205828646996183,0.294369589024541,0.192467861147593,0.752562512700448,0.244541579252505,-0.104710667596111,0.540420350266208,0.192627816454042,2.63237156674422,-1.3060943845572,-0.307579438019534,-0.12009932386044,0.0301540976657229,-0.0759481122938009,-1.37465920422962,1.58120036136969,-0.415867210522375,-0.289924189493147,0.531438448566702,-0.248797737606405,-0.71001251905826,-0.0799185031592521,0.351766078477959,0.826242674696533,-0.120554253890081,-0.0630994162346942,0.175777351915476,-0.442612152837396,-1.09219578227953,0.0518801411131204,0.203761157285521,-0.0838488336571897,-0.8334471867782,0.00673379897508092,-0.780920767705068,0.514681131019098,-2.37336736893432,0.58568523258316,-1.498129474641,-0.0263453335408878,0.172376073078365,1.4820811844104,1.43486470685264,1.54438559990975,1.27587437184367,1.28480803746096,1.36334386413012,1.30746782252687,1.15178338920645,-0.0253752258972644,0.0475831037042138,0.0755000763767588,0.343254299211158,-0.859451855138765,-0.849399817113125,-0.725713520117498,0.212622782188377,0.46678619615832,0.503547902893431,0.47643872426672,0.664746405502557,-1.61001451089991,-0.669976080603423,-0.47642421986615,0.630533445256314,-1.93409604346065,-0.951349772215418,-0.705238777099609,0.653766159770038,-1.57356576729613,-0.624925645290138,-0.343356435464144,0.752624566067506,-1.89757383301728,-1.20656838950151,-0.546040825844885,0.634660996488811,-1.79819394564392,-0.869603560007178,-0.652606402343097,0.513102060262051,-1.73377765902271,-0.837030508183037,-0.465649793601376,0.639775321828686,-1.6746464120573,-0.73132239853364,-0.387687686680283,0.613484413918106,-1.63119349786918,-0.790078005596218,-0.534747812565626,0.440593538354664,-1.8867353750216,-1.04377039676383,-0.726659749746,-0.496117053317883,-1.98649104335733,-0.748816807218672,-0.733037072612829,-0.498273126179299,-2.03806410045418,-1.00839713189082,-0.790462205488193,-0.447311602563121,-1.99365035445578,-1.59905526817817,-0.102936707490594,-1.98125129344009,-1.35698805225755,-1.01364002237304,0.0898892724830112,-1.68200580884877,-0.765456453321985,-0.693524326671393,0.185250691439763,-1.18883572962785,-0.293148218045082,-0.185091432910557,0.490518708730223,-1.05070927546748,-0.38450427971898,-0.204271264525423,0.397889227700625,-0.750869290512802,0.205092192684189,0.318905667862694,0.775267989131495,-1.30577055479019,-0.252473806312012,-0.00234499446012383,0.701971825844221,-1.36724705881977,-0.637511231131901,-0.0911286272343416,0.398810139784628,-1.54862673366277,-0.414556847028833,0.172172260748089,0.777743854905517,-12383.9291298228
0.0822668530506834,2.92834102975401,-0.748764900172271,-1.24980889743647,0.418547703934484,-0.326147338119561,-0.189686238796209,-2.79882293800011,2.10437419006261,1.54959378576992,-0.10870716090118,0.223516958565184,-0.0218879906971669,0.300332544802597,0.175202575827809,0.749024864150834,0.231487870421549,-0.0756478849496414,0.561659592042094,0.167473614874292,2.5711375403747,-1.31982615165248,-0.303385744192918,-0.136565069358396,0.00875767085176606,-0.0757159155596701,-1.36905689750407,1.57835058257675,-0.40367093267093,-0.307920555069385,0.52991217905166,-0.242085580704642,-0.706153858901961,-0.0940444111973838,0.35010634240196,0.826656373668426,-0.115918833483218,-0.0635969705336122,0.175136862966046,-0.471870161482901,-1.18058313639136,0.0546050442404464,0.202671425389276,-0.0915614069608622,-0.882152873876791,-0.00626910306533022,-0.810397547096499,0.527950698791814,-2.43266886615656,0.602995896283218,-1.53861976956579,-0.0339944232783789,0.184869887063911,1.49275959294728,1.4467534926771,1.55297443429585,1.28284642218537,1.29157721613072,1.37451300625523,1.31130410300213,1.15617068035996,-0.0786073599120175,-0.00464588025950319,0.017309886995576,0.274685687883405,-0.910370991979566,-0.90848272728973,-0.783401361677146,0.195587179441968,0.441115388734653,0.48701699126888,0.456974341495796,0.647013358387257,-1.60748987264671,-0.707804775963061,-0.461335382190307,0.595751260771446,-1.93943288910103,-0.959413749384954,-0.732372881572043,0.616906012953894,-1.57084940343664,-0.626414683857818,-0.359320514934991,0.722312741073418,-1.90436314823051,-1.2182201056874,-0.567087784015969,0.597283312974921,-1.8041089812002,-0.879986953055328,-0.672821338658661,0.48578666682516,-1.73888667921946,-0.844137299515624,-0.483729710499447,0.615445290991176,-1.67886432089809,-0.737816679681484,-0.402455785316094,0.588468508306915,-1.63582064157571,-0.796076013559762,-0.55211069047172,0.412915893486811,-1.88167666770715,-1.06197866900937,-0.819966890420408,-0.549426596298975,-1.98457422400508,-0.855781862650628,-0.733741164261629,-0.54383966482418,-2.03981556628939,-1.04744068966604,-0.856972117099829,-0.499343984106224,-2.00852249138179,-1.65819027052712,-0.211799677969984,-2.00830735035369,-1.37530519919575,-1.0264454816137,0.0426311889344814,-1.70567710347975,-0.776441516927071,-0.716406956234152,0.174851165702731,-1.20520891950908,-0.3115565413478,-0.1887869338417,0.497594468887303,-1.05171668789147,-0.383092089879628,-0.215534022103529,0.386001219548656,-0.744086938050775,0.196499714242174,0.313062701665775,0.777853222121367,-1.30487125104953,-0.266678474296755,0.00317220943035829,0.686016260558529,-1.36311185112783,-0.64483745037985,-0.104701912752847,0.380029063645554,-1.55278218535088,-0.419894283589876,0.164989695578449,0.7618348619933,-12325.8159920185
0.0679939169305877,2.89331997209758,-0.753400244590364,-1.24459889843088,0.417588757145279,-0.319477280227795,-0.193255940701777,-2.77852386521181,2.10244075244549,1.54227008930212,-0.110349628295452,0.221967855609598,-0.0235931474667739,0.303130056449485,0.162195956297773,0.747951736778541,0.220404606079714,-0.0667087208964205,0.568749981846195,0.147171816869949,2.51944312935476,-1.32837418247039,-0.297296716141329,-0.152110085564677,-0.00562753774617055,-0.0810315168580982,-1.36590768974563,1.58149524995005,-0.390820738175042,-0.319158740623818,0.528313912520463,-0.229212888911218,-0.692111849022991,-0.10739911125975,0.348348844409268,0.82418675561999,-0.114128025043208,-0.0630442402462411,0.175223433022316,-0.488412297325605,-1.24214293742677,0.0558112992265293,0.201256974412335,-0.0926181972774336,-0.915211317912425,-0.0140923374976331,-0.829304360939652,0.530723703180034,-2.4462014807842,0.613017120081276,-1.56301293692218,-0.0421354987382817,0.197451236568509,1.4976772002688,1.45269415820909,1.55640250322011,1.28641254040865,1.29297951714428,1.3787320137769,1.31000714293548,1.15635065322956,-0.099471877761806,-0.0251686435208704,-0.00637665620868173,0.242364741571431,-0.941016999677187,-0.945743786386023,-0.821813047810122,0.187079047611301,0.424624457410352,0.475744616300385,0.444512967041836,0.632746231994956,-1.61050854313956,-0.740299275553715,-0.442808531005205,0.577655692267765,-1.94428652197971,-0.966542108194009,-0.746391360481803,0.594569836850597,-1.57062513563721,-0.62911132677698,-0.367374445431754,0.703992610764808,-1.91025072817757,-1.22513188592808,-0.580000155752153,0.575602982511748,-1.80965041807489,-0.888789355802664,-0.6822516216184,0.470139254842337,-1.74333886765562,-0.849707572812131,-0.493367016800555,0.60158510961456,-1.68270010242568,-0.743251471441465,-0.409874774972081,0.574374269148453,-1.64039729037625,-0.802315701340824,-0.559515550277905,0.397714275344638,-1.87828828916942,-1.08484730845152,-0.848707514786945,-0.598709897594181,-1.9837538881957,-0.899790134544,-0.788612106384031,-0.538465524280566,-2.04133535435752,-1.08926832195903,-0.8880814774626,-0.519553403374832,-2.02441902586865,-1.68937465741092,-0.265578129500073,-2.02797196609877,-1.38895304379797,-1.03625813566632,0.0172181956701321,-1.72610083025978,-0.804801726162454,-0.711991856230936,0.171832625865839,-1.21937827393183,-0.321973783293197,-0.191860471970422,0.502999731536668,-1.05651733085635,-0.363601570772509,-0.242313457234826,0.386026706748145,-0.743553916304396,0.194963107688138,0.308583523402462,0.779382216069801,-1.30814862210671,-0.254550211918491,-0.017257323705907,0.683860040938893,-1.36247794139667,-0.650280240666309,-0.112440321377934,0.372283624567328,-1.55578260220702,-0.424156197195479,0.159083645971482,0.754562351211253,-12293.9099003074
0.0291000145252958,2.82829835578728,-0.753009847386044,-1.22790074942382,0.403512610399081,-0.319147424810354,-0.183094318154842,-2.7369891959856,2.09918170473121,1.52555684329109,-0.0990371998796276,0.21457730754714,-0.0333801255347705,0.299514062066422,0.136230787300836,0.75561418773604,0.193178144817028,-0.0291360607910051,0.573244893537812,0.105129551794535,2.40066925172128,-1.34550156714034,-0.28095119873654,-0.123220548068898,-0.0530220698576776,-0.0914074670089225,-1.35822396618891,1.5916980460995,-0.357158086937791,-0.345105009248306,0.525458531895447,-0.19637863952354,-0.647125362588459,-0.148689183470343,0.34385215887625,0.815611811604025,-0.118136658884754,-0.058945170151085,0.177630456873429,-0.524536025680476,-1.38185554950926,0.057869726510029,0.197889315734974,-0.0934423583747798,-0.988621550407293,-0.031552175998675,-0.870032951231784,0.527290208598392,-2.45572393509781,0.634580146270394,-1.61643276760503,-0.064656579597592,0.22926406669721,1.50323958984195,1.46031328847364,1.55883728877364,1.28952124110186,1.29116968540956,1.38257267085037,1.30221766163001,1.15256455944977,-0.13823571013497,-0.0635548644114811,-0.0505384786270883,0.181408711305597,-1.00513378658515,-1.0261223689556,-0.905435080187228,0.169933440027746,0.38859284490881,0.450444562663023,0.416262939045436,0.60023648701011,-1.62341780903438,-0.805664804377883,-0.407946467371235,0.547537413397422,-1.95634903166856,-0.984786618903338,-0.772999588179869,0.550977200207906,-1.57196151787178,-0.638242093045027,-0.3819867388568,0.668769600027315,-1.92457756389296,-1.24080133013975,-0.606164064432661,0.534047671464217,-1.82355965286859,-0.908891896674976,-0.700441599304024,0.440741091847621,-1.75424140019082,-0.863799556273538,-0.511444590595208,0.575411817109127,-1.69213165925547,-0.75709650207827,-0.423681209303738,0.547966057315293,-1.65188357368818,-0.818025475288126,-0.57281579491438,0.370012367824507,-1.87084090440932,-1.14431047129243,-0.889791891263651,-0.707953712472046,-1.98256952029716,-0.985075582307047,-0.908980379918636,-0.534018770904931,-2.04522663799612,-1.1908063083307,-0.945883378128038,-0.554449398871229,-2.06515834244223,-1.75114718558326,-0.363497849965894,-2.07236988041895,-1.41436083526223,-1.06715233507834,-0.0262053689032729,-1.77515912917777,-0.790268426891035,-0.777572959296891,0.168316786494727,-1.24969684554462,-0.359092418048637,-0.180050710327873,0.509199304392327,-1.06542952795221,-0.352956890066385,-0.267989968839194,0.386823983156368,-0.746201418052874,0.192508648868552,0.302279832665769,0.780835016851903,-1.31472779206693,-0.231185743365022,-0.0600407378534456,0.681703364096112,-1.36368705535077,-0.662700675993542,-0.128649521943653,0.362297817062239,-1.56152557202442,-0.436467508535724,0.146243583672423,0.742661939627622,-12240.5467805903
-0.0107190729374492,2.78221821064016,-0.739403462418754,-1.21305412271034,0.393216750041029,-0.335370732305399,-0.151828939883987,-2.70161147160163,2.09778702354583,1.5106667582024,-0.0963045354554733,0.210601812401496,-0.040558538183993,0.2960631727086,0.107204384810862,0.761871061277483,0.166201806102778,-0.0135003836387733,0.562089845170638,0.0661708055757675,2.28057404769749,-1.35824618458761,-0.261361492105456,-0.116381871488531,-0.102547673194886,-0.10728289697602,-1.35366802262777,1.62041129568676,-0.325370166304662,-0.354641257383407,0.52300506444621,-0.150221611963554,-0.601571777676317,-0.186182017291496,0.34048900144804,0.8053013540698,-0.118756820470344,-0.0539342531016016,0.179936065856264,-0.532614161066367,-1.5155191105516,0.0598411910669484,0.192999738520982,-0.0752005803097479,-1.05872744736744,-0.0334490159242612,-0.909060995818466,0.535664136214666,-2.45314341486638,0.655839434352027,-1.66790350680882,-0.0812330136624373,0.257473531193989,1.50699088309217,1.46460608918205,1.56137521615783,1.29168889369339,1.28859690733708,1.3837884497574,1.29421418042178,1.14791369133914,-0.16213646569867,-0.0865554176786715,-0.0762647811599598,0.142419884898916,-1.05682587400443,-1.09459902506089,-0.980270301963539,0.154724404749647,0.358199416327593,0.428471030892583,0.392603464070002,0.573478400063846,-1.64013340669583,-0.863509973180522,-0.380273074183367,0.527419716176431,-1.96741055595217,-1.00624915982247,-0.794967730474525,0.515733208922806,-1.57329682534124,-0.648565716834687,-0.395926127986277,0.6390312464424,-1.93766330291545,-1.25312141223506,-0.636159374885527,0.502115816934032,-1.83672781859694,-0.925525829878894,-0.721024000923144,0.41649262380089,-1.76412703924429,-0.873891246872436,-0.533055659345402,0.553489271566218,-1.70073149082986,-0.765977308704608,-0.44196459103254,0.525870234619438,-1.66217332338764,-0.831127596016263,-0.589276489946439,0.347975305965021,-1.86420716706549,-1.20434345784561,-0.916176133632011,-0.793223880440123,-1.98243346337517,-1.06675264030999,-0.971337831908114,-0.567896368867446,-2.04950544736291,-1.28428322344233,-0.992290984315285,-0.577766863090249,-2.10661004006342,-1.80732222120571,-0.416298666633357,-2.11018432624089,-1.43841966046434,-1.11599475161204,-0.0448572361051438,-1.82276777190383,-0.815375896972011,-0.802261322525478,0.166756824210637,-1.27704222004795,-0.373353088155871,-0.181918331139074,0.506090447188777,-1.06898052151004,-0.389592251932135,-0.243803360524997,0.381397150630548,-0.747828681558949,0.196241970036417,0.30231558097275,0.772532554532373,-1.31999897773799,-0.211360117746053,-0.0945870312508194,0.677560135997542,-1.36741739680927,-0.666397274806286,-0.144077761828822,0.349343394551658,-1.56578068342063,-0.440882498336849,0.130887833561077,0.729869061205194,-12186.7310471256
-0.11007921686516,2.68475244451339,-0.693834321205126,-1.17518763661093,0.366375589170714,-0.383851389418492,-0.0631622309587588,-2.61547995212077,2.09673404441314,1.47191629519251,-0.0905880498662337,0.201409081297425,-0.0583244840537842,0.283555512420027,0.0257009632444271,0.776171049478228,0.101638365440798,0.0228083195754356,0.509380446400321,-0.024236942732563,1.96219287038887,-1.38425384250992,-0.204771730851273,-0.0843276434368299,-0.234829097330743,-0.149783369694981,-1.34409350369429,1.71004931058288,-0.245288246266713,-0.366952891840204,0.5169736437743,-0.0231479357645016,-0.481502211524009,-0.288496277021932,0.333888812876984,0.77557402268069,-0.1239376038197,-0.0376327016405302,0.187898724904266,-0.535808433692234,-1.84801528041225,0.0644167570503785,0.181660427384589,-0.0185183644544682,-1.23009708589374,-0.030316840676156,-1.00286748678186,0.554388444369363,-2.43120875386789,0.709489277987756,-1.80019600398023,-0.120557939300818,0.328698208788953,1.5159388221632,1.47196345541374,1.56748173455269,1.29584465431923,1.28013454094983,1.38349292626212,1.27215173468497,1.13433337393421,-0.203142431721226,-0.125446609717787,-0.120203460854244,0.0720867236658824,-1.17943605119728,-1.26126368226598,-1.16297428879998,0.117341219204214,0.285906379104312,0.376275260690509,0.336226935136128,0.511476562580803,-1.68849513926539,-0.99558305435988,-0.322287777426985,0.486074338015796,-1.99473721271251,-1.0661167307865,-0.84074094919663,0.432717434480907,-1.57728592498357,-0.679743942575907,-0.424990911547758,0.568689827609093,-1.96963407720771,-1.28659972934964,-0.706069774713159,0.428074702315642,-1.86981206551206,-0.969462628630549,-0.768097670882918,0.359841320437653,-1.78882611442989,-0.902347640913221,-0.582426380238052,0.501768701798227,-1.72234411768598,-0.790539680955167,-0.484319934716591,0.473808278975569,-1.68759664360562,-0.867062348864552,-0.626649627610106,0.297418033247222,-1.84810071983289,-1.35494437732425,-1.03195035266724,-0.940194447739663,-1.98371424820458,-1.23725740101608,-1.12686745910096,-0.685882626304382,-2.06151246806802,-1.50933352952096,-1.09698326153537,-0.651546484442861,-2.21360805111031,-1.93961346514032,-0.529922773280957,-2.19948804313352,-1.50770851913854,-1.23989287011629,-0.0698183862507021,-1.94033106633625,-0.874075712165963,-0.864860286104509,0.162595790710173,-1.34558835061533,-0.402521116740755,-0.187149214494177,0.49399319583162,-1.08353099202256,-0.395342335297832,-0.265161616524236,0.373163708849367,-0.754699599257276,0.206284724789385,0.310165952916698,0.746302360270059,-1.33302906548787,-0.245813000791834,-0.0893802140034907,0.663296773005034,-1.37910760060449,-0.673832083404588,-0.176386597189682,0.317453253782452,-1.57850070125692,-0.447553898020381,0.0954962399477756,0.698395366668232,-12098.326688536
